"index (g/kwh)","index (lb/mwh)","final co2 (million mt)","Imperial hovertext","SI hovertext","Emissions hovertext","year","date"
645.4177906410597,1422.88806124728,214.59103191964488,"1,423 lb/MWh <br>↑ 7.7% from 2005","645 kg/MWh <br>↑ 7.7% from 2005","215 Million<br>Metric Tonnes",2001,"2001-01-01"
635.9612380564803,1402.0401454193163,179.93899925834646,"1,402 lb/MWh <br>↑ 6.1% from 2005","636 kg/MWh <br>↑ 6.1% from 2005","180 Million<br>Metric Tonnes",2001,"2001-02-01"
627.5612010840113,1383.5214239098113,188.7117605602989,"1,384 lb/MWh <br>↑ 4.7% from 2005","628 kg/MWh <br>↑ 4.7% from 2005","189 Million<br>Metric Tonnes",2001,"2001-03-01"
627.4483730966325,1383.2726833288361,174.4796533211478,"1,383 lb/MWh <br>↑ 4.7% from 2005","627 kg/MWh <br>↑ 4.7% from 2005","174 Million<br>Metric Tonnes",2001,"2001-04-01"
628.3102058890646,1385.1726799030316,188.7982333029063,"1,385 lb/MWh <br>↑ 4.9% from 2005","628 kg/MWh <br>↑ 4.9% from 2005","189 Million<br>Metric Tonnes",2001,"2001-05-01"
624.913541569454,1377.6843937440185,204.78009814782564,"1,378 lb/MWh <br>↑ 4.3% from 2005","625 kg/MWh <br>↑ 4.3% from 2005","205 Million<br>Metric Tonnes",2001,"2001-06-01"
641.5324991256715,1414.3225475724555,229.40534397555678,"1,414 lb/MWh <br>↑ 7.1% from 2005","642 kg/MWh <br>↑ 7.1% from 2005","229 Million<br>Metric Tonnes",2001,"2001-07-01"
644.2571092430502,1420.3292230372288,238.68774975250284,"1,420 lb/MWh <br>↑ 7.5% from 2005","644 kg/MWh <br>↑ 7.5% from 2005","239 Million<br>Metric Tonnes",2001,"2001-08-01"
630.6392629477958,1390.307319094711,193.56139509922767,"1,390 lb/MWh <br>↑ 5.3% from 2005","631 kg/MWh <br>↑ 5.3% from 2005","194 Million<br>Metric Tonnes",2001,"2001-09-01"
620.4144445746149,1367.765684509196,182.85481813409203,"1,368 lb/MWh <br>↑ 3.6% from 2005","620 kg/MWh <br>↑ 3.6% from 2005","183 Million<br>Metric Tonnes",2001,"2001-10-01"
614.9831045473197,1355.7917522850212,171.52021707898245,"1,356 lb/MWh <br>↑ 2.6% from 2005","615 kg/MWh <br>↑ 2.6% from 2005","172 Million<br>Metric Tonnes",2001,"2001-11-01"
610.5825562679548,1346.0903035483334,186.53072888681945,"1,346 lb/MWh <br>↑ 1.9% from 2005","611 kg/MWh <br>↑ 1.9% from 2005","187 Million<br>Metric Tonnes",2001,"2001-12-01"
605.7871186440766,1335.5182817627312,193.81704945335017,"1,336 lb/MWh <br>↑ 1.1% from 2005","606 kg/MWh <br>↑ 1.1% from 2005","194 Million<br>Metric Tonnes",2002,"2002-01-01"
602.1327650721394,1327.4618938780384,169.6936477491384,"1,327 lb/MWh <br>↑ 0.5% from 2005","602 kg/MWh <br>↑ 0.5% from 2005","170 Million<br>Metric Tonnes",2002,"2002-02-01"
608.3778671424272,1341.2298459021954,184.05718772730106,"1,341 lb/MWh <br>↑ 1.5% from 2005","608 kg/MWh <br>↑ 1.5% from 2005","184 Million<br>Metric Tonnes",2002,"2002-03-01"
601.1365176413777,1325.2655667921815,174.2245403132801,"1,325 lb/MWh <br>↑ 0.3% from 2005","601 kg/MWh <br>↑ 0.3% from 2005","174 Million<br>Metric Tonnes",2002,"2002-04-01"
602.3432399222356,1327.9259067325604,185.32606596954352,"1,328 lb/MWh <br>↑ 0.5% from 2005","602 kg/MWh <br>↑ 0.5% from 2005","185 Million<br>Metric Tonnes",2002,"2002-05-01"
607.8548205579867,1340.0767374021375,207.27382184420125,"1,340 lb/MWh <br>↑ 1.5% from 2005","608 kg/MWh <br>↑ 1.5% from 2005","207 Million<br>Metric Tonnes",2002,"2002-06-01"
622.5691871893209,1372.5160300775772,237.47327200747628,"1,373 lb/MWh <br>↑ 3.9% from 2005","623 kg/MWh <br>↑ 3.9% from 2005","237 Million<br>Metric Tonnes",2002,"2002-07-01"
626.5244855711438,1381.235880890144,234.6334831253665,"1,381 lb/MWh <br>↑ 4.6% from 2005","627 kg/MWh <br>↑ 4.6% from 2005","235 Million<br>Metric Tonnes",2002,"2002-08-01"
629.1075519996142,1386.9305091383496,208.4084026261557,"1,387 lb/MWh <br>↑ 5.0% from 2005","629 kg/MWh <br>↑ 5.0% from 2005","208 Million<br>Metric Tonnes",2002,"2002-09-01"
631.9197986295259,1393.130388058653,194.03730979709698,"1,393 lb/MWh <br>↑ 5.5% from 2005","632 kg/MWh <br>↑ 5.5% from 2005","194 Million<br>Metric Tonnes",2002,"2002-10-01"
619.48439790877,1365.7153036296745,183.54649764754888,"1,366 lb/MWh <br>↑ 3.4% from 2005","619 kg/MWh <br>↑ 3.4% from 2005","184 Million<br>Metric Tonnes",2002,"2002-11-01"
620.0314618515774,1366.9213607979875,201.40489540328656,"1,367 lb/MWh <br>↑ 3.5% from 2005","620 kg/MWh <br>↑ 3.5% from 2005","201 Million<br>Metric Tonnes",2002,"2002-12-01"
631.5223265580241,1392.2541211298199,215.96735605030705,"1,392 lb/MWh <br>↑ 5.4% from 2005","632 kg/MWh <br>↑ 5.4% from 2005","216 Million<br>Metric Tonnes",2003,"2003-01-01"
625.907064507855,1379.8747144140173,187.2940698567852,"1,380 lb/MWh <br>↑ 4.5% from 2005","626 kg/MWh <br>↑ 4.5% from 2005","187 Million<br>Metric Tonnes",2003,"2003-02-01"
614.4914194808199,1354.7077833874155,186.99230389050265,"1,355 lb/MWh <br>↑ 2.6% from 2005","614 kg/MWh <br>↑ 2.6% from 2005","187 Million<br>Metric Tonnes",2003,"2003-03-01"
595.9775024238124,1313.892001843537,170.30351068460615,"1,314 lb/MWh <br>↓ 0.5% from 2005","596 kg/MWh <br>↓ 0.5% from 2005","170 Million<br>Metric Tonnes",2003,"2003-04-01"
596.0351250322435,1314.019036646084,183.3065949694461,"1,314 lb/MWh <br>↓ 0.5% from 2005","596 kg/MWh <br>↓ 0.5% from 2005","183 Million<br>Metric Tonnes",2003,"2003-05-01"
609.0849664430376,1342.7887170203207,200.20022533448804,"1,343 lb/MWh <br>↑ 1.7% from 2005","609 kg/MWh <br>↑ 1.7% from 2005","200 Million<br>Metric Tonnes",2003,"2003-06-01"
621.7056234630445,1370.612217486628,232.7574531968779,"1,371 lb/MWh <br>↑ 3.8% from 2005","622 kg/MWh <br>↑ 3.8% from 2005","233 Million<br>Metric Tonnes",2003,"2003-07-01"
623.9303614374975,1375.5168748251072,238.2114676910065,"1,376 lb/MWh <br>↑ 4.1% from 2005","624 kg/MWh <br>↑ 4.1% from 2005","238 Million<br>Metric Tonnes",2003,"2003-08-01"
623.9675086432285,1375.5987695548615,201.62645347632449,"1,376 lb/MWh <br>↑ 4.1% from 2005","624 kg/MWh <br>↑ 4.1% from 2005","202 Million<br>Metric Tonnes",2003,"2003-09-01"
629.5036804893658,1387.8038140068554,193.09494413286305,"1,388 lb/MWh <br>↑ 5.1% from 2005","630 kg/MWh <br>↑ 5.1% from 2005","193 Million<br>Metric Tonnes",2003,"2003-10-01"
624.4991270442492,1376.770775481752,186.01790067448295,"1,377 lb/MWh <br>↑ 4.2% from 2005","624 kg/MWh <br>↑ 4.2% from 2005","186 Million<br>Metric Tonnes",2003,"2003-11-01"
618.9625781946403,1364.564899887904,205.2982742112701,"1,365 lb/MWh <br>↑ 3.3% from 2005","619 kg/MWh <br>↑ 3.3% from 2005","205 Million<br>Metric Tonnes",2003,"2003-12-01"
617.1839850633646,1360.6438134706934,213.87264723367048,"1,361 lb/MWh <br>↑ 3.0% from 2005","617 kg/MWh <br>↑ 3.0% from 2005","214 Million<br>Metric Tonnes",2004,"2004-01-01"
606.5527148936693,1337.2061152545832,190.6262229891738,"1,337 lb/MWh <br>↑ 1.2% from 2005","607 kg/MWh <br>↑ 1.2% from 2005","191 Million<br>Metric Tonnes",2004,"2004-02-01"
592.9126828153055,1307.1353005346225,183.0982826085954,"1,307 lb/MWh <br>↓ 1.0% from 2005","593 kg/MWh <br>↓ 1.0% from 2005","183 Million<br>Metric Tonnes",2004,"2004-03-01"
585.7379631779831,1291.3179136221818,170.1923020541491,"1,291 lb/MWh <br>↓ 2.2% from 2005","586 kg/MWh <br>↓ 2.2% from 2005","170 Million<br>Metric Tonnes",2004,"2004-04-01"
591.1400781312245,1303.2274162480976,193.52601393002442,"1,303 lb/MWh <br>↓ 1.3% from 2005","591 kg/MWh <br>↓ 1.3% from 2005","194 Million<br>Metric Tonnes",2004,"2004-05-01"
594.6194762467834,1310.8980973336588,205.19064951054057,"1,311 lb/MWh <br>↓ 0.8% from 2005","595 kg/MWh <br>↓ 0.8% from 2005","205 Million<br>Metric Tonnes",2004,"2004-06-01"
600.788265988492,1324.4978111982293,226.69544669093273,"1,324 lb/MWh <br>↑ 0.3% from 2005","601 kg/MWh <br>↑ 0.3% from 2005","227 Million<br>Metric Tonnes",2004,"2004-07-01"
602.6087411732183,1328.511230790477,222.02180932059835,"1,329 lb/MWh <br>↑ 0.6% from 2005","603 kg/MWh <br>↑ 0.6% from 2005","222 Million<br>Metric Tonnes",2004,"2004-08-01"
599.0494008927295,1320.6643092081115,201.05367688791236,"1,321 lb/MWh <br>↓ 0.0% from 2005","599 kg/MWh <br>↓ 0.0% from 2005","201 Million<br>Metric Tonnes",2004,"2004-09-01"
602.6002502108289,1328.4925116147936,188.28296451639787,"1,328 lb/MWh <br>↑ 0.6% from 2005","603 kg/MWh <br>↑ 0.6% from 2005","188 Million<br>Metric Tonnes",2004,"2004-10-01"
607.6755741433975,1339.6815707565345,183.5799784804809,"1,340 lb/MWh <br>↑ 1.4% from 2005","608 kg/MWh <br>↑ 1.4% from 2005","184 Million<br>Metric Tonnes",2004,"2004-11-01"
603.0987205333925,1329.5914392879172,206.22592461580868,"1,330 lb/MWh <br>↑ 0.7% from 2005","603 kg/MWh <br>↑ 0.7% from 2005","206 Million<br>Metric Tonnes",2004,"2004-12-01"
605.931510304614,1335.836607617552,207.90683228010312,"1,336 lb/MWh <br>↑ 1.1% from 2005","606 kg/MWh <br>↑ 1.1% from 2005","208 Million<br>Metric Tonnes",2005,"2005-01-01"
600.0763053601049,1322.9282227968874,179.12283754767148,"1,323 lb/MWh <br>↑ 0.2% from 2005","600 kg/MWh <br>↑ 0.2% from 2005","179 Million<br>Metric Tonnes",2005,"2005-02-01"
599.422355430227,1321.4865247814785,190.29224354058212,"1,321 lb/MWh <br>↑ 0.0% from 2005","599 kg/MWh <br>↑ 0.0% from 2005","190 Million<br>Metric Tonnes",2005,"2005-03-01"
581.0128568420413,1280.9009441939638,168.2398252498783,"1,281 lb/MWh <br>↓ 3.0% from 2005","581 kg/MWh <br>↓ 3.0% from 2005","168 Million<br>Metric Tonnes",2005,"2005-04-01"
577.4428733085448,1273.030558496018,181.93072225723566,"1,273 lb/MWh <br>↓ 3.6% from 2005","577 kg/MWh <br>↓ 3.6% from 2005","182 Million<br>Metric Tonnes",2005,"2005-05-01"
594.9209399293755,1311.5627041683015,216.33068495970852,"1,312 lb/MWh <br>↓ 0.7% from 2005","595 kg/MWh <br>↓ 0.7% from 2005","216 Million<br>Metric Tonnes",2005,"2005-06-01"
598.5894270877732,1319.6502509577049,240.74270432305374,"1,320 lb/MWh <br>↓ 0.1% from 2005","599 kg/MWh <br>↓ 0.1% from 2005","241 Million<br>Metric Tonnes",2005,"2005-07-01"
603.8745322206659,1331.3017937336801,244.48790652529584,"1,331 lb/MWh <br>↑ 0.8% from 2005","604 kg/MWh <br>↑ 0.8% from 2005","244 Million<br>Metric Tonnes",2005,"2005-08-01"
609.4373311936619,1343.565540349547,213.43338046403878,"1,344 lb/MWh <br>↑ 1.7% from 2005","609 kg/MWh <br>↑ 1.7% from 2005","213 Million<br>Metric Tonnes",2005,"2005-09-01"
612.4977463248503,1350.312531547765,193.78739979814867,"1,350 lb/MWh <br>↑ 2.2% from 2005","612 kg/MWh <br>↑ 2.2% from 2005","194 Million<br>Metric Tonnes",2005,"2005-10-01"
600.8623034417068,1324.6610341675864,183.93310419322478,"1,325 lb/MWh <br>↑ 0.3% from 2005","601 kg/MWh <br>↑ 0.3% from 2005","184 Million<br>Metric Tonnes",2005,"2005-11-01"
601.4626071793139,1325.9844637875153,209.3668970685313,"1,326 lb/MWh <br>↑ 0.4% from 2005","601 kg/MWh <br>↑ 0.4% from 2005","209 Million<br>Metric Tonnes",2005,"2005-12-01"
582.6614729238357,1284.5354832078885,191.49483161740224,"1,285 lb/MWh <br>↓ 2.7% from 2005","583 kg/MWh <br>↓ 2.7% from 2005","191 Million<br>Metric Tonnes",2006,"2006-01-01"
587.9988898041398,1296.302352462207,180.71084901753463,"1,296 lb/MWh <br>↓ 1.9% from 2005","588 kg/MWh <br>↓ 1.9% from 2005","181 Million<br>Metric Tonnes",2006,"2006-02-01"
584.533754558947,1288.6631153006545,186.3085188025314,"1,289 lb/MWh <br>↓ 2.4% from 2005","585 kg/MWh <br>↓ 2.4% from 2005","186 Million<br>Metric Tonnes",2006,"2006-03-01"
560.9629547613758,1236.6989300669293,167.08726313193813,"1,237 lb/MWh <br>↓ 6.4% from 2005","561 kg/MWh <br>↓ 6.4% from 2005","167 Million<br>Metric Tonnes",2006,"2006-04-01"
566.7459188801555,1249.4480527631908,187.37405826621546,"1,249 lb/MWh <br>↓ 5.4% from 2005","567 kg/MWh <br>↓ 5.4% from 2005","187 Million<br>Metric Tonnes",2006,"2006-05-01"
573.6997109471131,1264.7783827540054,208.97359321754487,"1,265 lb/MWh <br>↓ 4.2% from 2005","574 kg/MWh <br>↓ 4.2% from 2005","209 Million<br>Metric Tonnes",2006,"2006-06-01"
591.0122347763235,1302.9455727878826,242.55038361249467,"1,303 lb/MWh <br>↓ 1.4% from 2005","591 kg/MWh <br>↓ 1.4% from 2005","243 Million<br>Metric Tonnes",2006,"2006-07-01"
596.6584532591228,1315.3932260550619,243.26647145556365,"1,315 lb/MWh <br>↓ 0.4% from 2005","597 kg/MWh <br>↓ 0.4% from 2005","243 Million<br>Metric Tonnes",2006,"2006-08-01"
590.40361325093,1301.6038057730004,196.04696588320533,"1,302 lb/MWh <br>↓ 1.5% from 2005","590 kg/MWh <br>↓ 1.5% from 2005","196 Million<br>Metric Tonnes",2006,"2006-09-01"
601.759479059769,1326.6389475351668,193.50571260656682,"1,327 lb/MWh <br>↑ 0.4% from 2005","602 kg/MWh <br>↑ 0.4% from 2005","194 Million<br>Metric Tonnes",2006,"2006-10-01"
596.8816717813593,1315.8853336091847,184.5316304926167,"1,316 lb/MWh <br>↓ 0.4% from 2005","597 kg/MWh <br>↓ 0.4% from 2005","185 Million<br>Metric Tonnes",2006,"2006-11-01"
589.5050990214431,1299.6229413026736,198.2391024460808,"1,300 lb/MWh <br>↓ 1.6% from 2005","590 kg/MWh <br>↓ 1.6% from 2005","198 Million<br>Metric Tonnes",2006,"2006-12-01"
578.0882752401692,1274.4534115944773,204.3724803615788,"1,274 lb/MWh <br>↓ 3.5% from 2005","578 kg/MWh <br>↓ 3.5% from 2005","204 Million<br>Metric Tonnes",2007,"2007-01-01"
594.0709867402119,1309.688897367471,192.02020642745487,"1,310 lb/MWh <br>↓ 0.8% from 2005","594 kg/MWh <br>↓ 0.8% from 2005","192 Million<br>Metric Tonnes",2007,"2007-02-01"
580.4462867618903,1279.6518837952633,186.0164816180862,"1,280 lb/MWh <br>↓ 3.1% from 2005","580 kg/MWh <br>↓ 3.1% from 2005","186 Million<br>Metric Tonnes",2007,"2007-03-01"
575.5903433059799,1268.9464708523633,174.47834378521077,"1,269 lb/MWh <br>↓ 3.9% from 2005","576 kg/MWh <br>↓ 3.9% from 2005","174 Million<br>Metric Tonnes",2007,"2007-04-01"
576.4301137116472,1270.7978286886978,190.33899679072326,"1,271 lb/MWh <br>↓ 3.8% from 2005","576 kg/MWh <br>↓ 3.8% from 2005","190 Million<br>Metric Tonnes",2007,"2007-05-01"
588.4897243779707,1297.384446363674,213.46919477829414,"1,297 lb/MWh <br>↓ 1.8% from 2005","588 kg/MWh <br>↓ 1.8% from 2005","213 Million<br>Metric Tonnes",2007,"2007-06-01"
591.2762189862826,1303.5275523771588,232.4987497033883,"1,304 lb/MWh <br>↓ 1.3% from 2005","591 kg/MWh <br>↓ 1.3% from 2005","232 Million<br>Metric Tonnes",2007,"2007-07-01"
593.9266458294469,1309.3706833955987,250.4921730676252,"1,309 lb/MWh <br>↓ 0.9% from 2005","594 kg/MWh <br>↓ 0.9% from 2005","250 Million<br>Metric Tonnes",2007,"2007-08-01"
596.6447465036532,1315.3630081419542,212.04061951932377,"1,315 lb/MWh <br>↓ 0.4% from 2005","597 kg/MWh <br>↓ 0.4% from 2005","212 Million<br>Metric Tonnes",2007,"2007-09-01"
599.1360273483023,1320.8552858920673,199.2797008959032,"1,321 lb/MWh <br>↑ 0.0% from 2005","599 kg/MWh <br>↑ 0.0% from 2005","199 Million<br>Metric Tonnes",2007,"2007-10-01"
590.3160202251884,1301.4106981884504,185.4201803145089,"1,301 lb/MWh <br>↓ 1.5% from 2005","590 kg/MWh <br>↓ 1.5% from 2005","185 Million<br>Metric Tonnes",2007,"2007-11-01"
589.8275429018922,1300.333801081512,204.251882175818,"1,300 lb/MWh <br>↓ 1.6% from 2005","590 kg/MWh <br>↓ 1.6% from 2005","204 Million<br>Metric Tonnes",2007,"2007-12-01"
588.9197473114679,1298.332474922862,213.77517814754907,"1,298 lb/MWh <br>↓ 1.7% from 2005","589 kg/MWh <br>↓ 1.7% from 2005","214 Million<br>Metric Tonnes",2008,"2008-01-01"
591.3976916296507,1303.7953509667275,192.26595581854465,"1,304 lb/MWh <br>↓ 1.3% from 2005","591 kg/MWh <br>↓ 1.3% from 2005","192 Million<br>Metric Tonnes",2008,"2008-02-01"
577.9187996408233,1274.0797856881586,187.60946136699977,"1,274 lb/MWh <br>↓ 3.5% from 2005","578 kg/MWh <br>↓ 3.5% from 2005","188 Million<br>Metric Tonnes",2008,"2008-03-01"
572.1175073107756,1261.290256617336,174.99073932665777,"1,261 lb/MWh <br>↓ 4.5% from 2005","572 kg/MWh <br>↓ 4.5% from 2005","175 Million<br>Metric Tonnes",2008,"2008-04-01"
569.4225250364913,1255.3488986954487,185.20171642691633,"1,255 lb/MWh <br>↓ 5.0% from 2005","569 kg/MWh <br>↓ 5.0% from 2005","185 Million<br>Metric Tonnes",2008,"2008-05-01"
569.8884049086852,1256.3759774616874,212.6019460284937,"1,256 lb/MWh <br>↓ 4.9% from 2005","570 kg/MWh <br>↓ 4.9% from 2005","213 Million<br>Metric Tonnes",2008,"2008-06-01"
582.656556049433,1284.52464346658,234.7474288835019,"1,285 lb/MWh <br>↓ 2.7% from 2005","583 kg/MWh <br>↓ 2.7% from 2005","235 Million<br>Metric Tonnes",2008,"2008-07-01"
586.629387553886,1293.283147801297,228.1878265794186,"1,293 lb/MWh <br>↓ 2.1% from 2005","587 kg/MWh <br>↓ 2.1% from 2005","228 Million<br>Metric Tonnes",2008,"2008-08-01"
589.1209080285671,1298.775953839779,199.15559323991206,"1,299 lb/MWh <br>↓ 1.7% from 2005","589 kg/MWh <br>↓ 1.7% from 2005","199 Million<br>Metric Tonnes",2008,"2008-09-01"
581.1570777751107,1281.2188936630087,185.12445026600693,"1,281 lb/MWh <br>↓ 3.0% from 2005","581 kg/MWh <br>↓ 3.0% from 2005","185 Million<br>Metric Tonnes",2008,"2008-10-01"
580.6712125765994,1280.147755246371,180.03492695436177,"1,280 lb/MWh <br>↓ 3.1% from 2005","581 kg/MWh <br>↓ 3.1% from 2005","180 Million<br>Metric Tonnes",2008,"2008-11-01"
571.5617873577639,1260.0651164089265,196.55910110840077,"1,260 lb/MWh <br>↓ 4.6% from 2005","572 kg/MWh <br>↓ 4.6% from 2005","197 Million<br>Metric Tonnes",2008,"2008-12-01"
568.4499500294984,1253.2047598350325,201.7922477812584,"1,253 lb/MWh <br>↓ 5.1% from 2005","568 kg/MWh <br>↓ 5.1% from 2005","202 Million<br>Metric Tonnes",2009,"2009-01-01"
557.5085593570678,1229.0833699585921,167.74569687809245,"1,229 lb/MWh <br>↓ 6.9% from 2005","558 kg/MWh <br>↓ 6.9% from 2005","168 Million<br>Metric Tonnes",2009,"2009-02-01"
537.0239734023164,1183.9230517627468,166.80123785633566,"1,184 lb/MWh <br>↓ 10.4% from 2005","537 kg/MWh <br>↓ 10.4% from 2005","167 Million<br>Metric Tonnes",2009,"2009-03-01"
531.3048941610183,1171.314769667381,153.83225207875554,"1,171 lb/MWh <br>↓ 11.3% from 2005","531 kg/MWh <br>↓ 11.3% from 2005","154 Million<br>Metric Tonnes",2009,"2009-04-01"
525.3421875322164,1158.169386633524,163.5420118763809,"1,158 lb/MWh <br>↓ 12.3% from 2005","525 kg/MWh <br>↓ 12.3% from 2005","164 Million<br>Metric Tonnes",2009,"2009-05-01"
540.2629117817348,1191.0636153140124,187.82257666106653,"1,191 lb/MWh <br>↓ 9.8% from 2005","540 kg/MWh <br>↓ 9.8% from 2005","188 Million<br>Metric Tonnes",2009,"2009-06-01"
552.3045333216563,1217.6105741609238,205.75341480481438,"1,218 lb/MWh <br>↓ 7.8% from 2005","552 kg/MWh <br>↓ 7.8% from 2005","206 Million<br>Metric Tonnes",2009,"2009-07-01"
562.2539470914037,1239.5450517577085,214.33668101280043,"1,240 lb/MWh <br>↓ 6.2% from 2005","562 kg/MWh <br>↓ 6.2% from 2005","214 Million<br>Metric Tonnes",2009,"2009-08-01"
548.3044599446308,1208.7920123939332,179.51521579206596,"1,209 lb/MWh <br>↓ 8.5% from 2005","548 kg/MWh <br>↓ 8.5% from 2005","180 Million<br>Metric Tonnes",2009,"2009-09-01"
561.6929511758667,1238.308280162316,172.46239515399586,"1,238 lb/MWh <br>↓ 6.2% from 2005","562 kg/MWh <br>↓ 6.2% from 2005","172 Million<br>Metric Tonnes",2009,"2009-10-01"
553.3581353472663,1219.9333451865832,164.1452080199584,"1,220 lb/MWh <br>↓ 7.6% from 2005","553 kg/MWh <br>↓ 7.6% from 2005","164 Million<br>Metric Tonnes",2009,"2009-11-01"
560.520669836324,1235.72386872116,196.46635651841765,"1,236 lb/MWh <br>↓ 6.4% from 2005","561 kg/MWh <br>↓ 6.4% from 2005","196 Million<br>Metric Tonnes",2009,"2009-12-01"
569.8409075567314,1256.2712647995704,205.68784403739684,"1,256 lb/MWh <br>↓ 4.9% from 2005","570 kg/MWh <br>↓ 4.9% from 2005","206 Million<br>Metric Tonnes",2010,"2010-01-01"
564.2268152808539,1243.8944369681706,180.402628264474,"1,244 lb/MWh <br>↓ 5.8% from 2005","564 kg/MWh <br>↓ 5.8% from 2005","180 Million<br>Metric Tonnes",2010,"2010-02-01"
552.7802938133872,1218.659435740993,172.55849569525625,"1,219 lb/MWh <br>↓ 7.7% from 2005","553 kg/MWh <br>↓ 7.7% from 2005","173 Million<br>Metric Tonnes",2010,"2010-03-01"
538.6009212987871,1187.3995910953058,155.0084540561106,"1,187 lb/MWh <br>↓ 10.1% from 2005","539 kg/MWh <br>↓ 10.1% from 2005","155 Million<br>Metric Tonnes",2010,"2010-04-01"
545.3257439656387,1202.2251351466468,178.8178162970412,"1,202 lb/MWh <br>↓ 9.0% from 2005","545 kg/MWh <br>↓ 9.0% from 2005","179 Million<br>Metric Tonnes",2010,"2010-05-01"
560.0389042847779,1234.6617683862214,210.3976061202772,"1,235 lb/MWh <br>↓ 6.5% from 2005","560 kg/MWh <br>↓ 6.5% from 2005","210 Million<br>Metric Tonnes",2010,"2010-06-01"
574.7154626537363,1267.017708966427,235.44627124172672,"1,267 lb/MWh <br>↓ 4.1% from 2005","575 kg/MWh <br>↓ 4.1% from 2005","235 Million<br>Metric Tonnes",2010,"2010-07-01"
577.1040572920998,1272.283604706163,235.95367205443398,"1,272 lb/MWh <br>↓ 3.7% from 2005","577 kg/MWh <br>↓ 3.7% from 2005","236 Million<br>Metric Tonnes",2010,"2010-08-01"
555.9828844897113,1225.7198671460174,192.3870183259861,"1,226 lb/MWh <br>↓ 7.2% from 2005","556 kg/MWh <br>↓ 7.2% from 2005","192 Million<br>Metric Tonnes",2010,"2010-09-01"
546.4104846236718,1204.6165544013465,168.2492491874954,"1,205 lb/MWh <br>↓ 8.8% from 2005","546 kg/MWh <br>↓ 8.8% from 2005","168 Million<br>Metric Tonnes",2010,"2010-10-01"
543.4198097312195,1198.0233125334464,166.291694530127,"1,198 lb/MWh <br>↓ 9.3% from 2005","543 kg/MWh <br>↓ 9.3% from 2005","166 Million<br>Metric Tonnes",2010,"2010-11-01"
557.8557013614997,1229.8486792215622,202.00719844566265,"1,230 lb/MWh <br>↓ 6.9% from 2005","558 kg/MWh <br>↓ 6.9% from 2005","202 Million<br>Metric Tonnes",2010,"2010-12-01"
562.1097595239712,1239.227175846547,203.9700325940529,"1,239 lb/MWh <br>↓ 6.2% from 2005","562 kg/MWh <br>↓ 6.2% from 2005","204 Million<br>Metric Tonnes",2011,"2011-01-01"
539.1558266029132,1188.6229353287824,168.82174314070565,"1,189 lb/MWh <br>↓ 10.0% from 2005","539 kg/MWh <br>↓ 10.0% from 2005","169 Million<br>Metric Tonnes",2011,"2011-02-01"
521.7282902679361,1150.2021887246926,166.27742294619406,"1,150 lb/MWh <br>↓ 12.9% from 2005","522 kg/MWh <br>↓ 12.9% from 2005","166 Million<br>Metric Tonnes",2011,"2011-03-01"
518.2865327389756,1142.6144900763454,156.72681585575305,"1,143 lb/MWh <br>↓ 13.5% from 2005","518 kg/MWh <br>↓ 13.5% from 2005","157 Million<br>Metric Tonnes",2011,"2011-04-01"
535.6321075620795,1180.8545443313606,173.34077107287345,"1,181 lb/MWh <br>↓ 10.6% from 2005","536 kg/MWh <br>↓ 10.6% from 2005","173 Million<br>Metric Tonnes",2011,"2011-05-01"
550.5922600406867,1213.835696485698,202.44646833707867,"1,214 lb/MWh <br>↓ 8.1% from 2005","551 kg/MWh <br>↓ 8.1% from 2005","202 Million<br>Metric Tonnes",2011,"2011-06-01"
562.0842816123535,1239.1710072425947,235.2953005292916,"1,239 lb/MWh <br>↓ 6.2% from 2005","562 kg/MWh <br>↓ 6.2% from 2005","235 Million<br>Metric Tonnes",2011,"2011-07-01"
563.3876906995678,1242.0445029162672,229.00495267869024,"1,242 lb/MWh <br>↓ 6.0% from 2005","563 kg/MWh <br>↓ 6.0% from 2005","229 Million<br>Metric Tonnes",2011,"2011-08-01"
545.0027986315628,1201.5131698631433,184.16679274283814,"1,202 lb/MWh <br>↓ 9.0% from 2005","545 kg/MWh <br>↓ 9.0% from 2005","184 Million<br>Metric Tonnes",2011,"2011-09-01"
526.6638973824118,1161.0832281692649,162.57638433311686,"1,161 lb/MWh <br>↓ 12.1% from 2005","527 kg/MWh <br>↓ 12.1% from 2005","163 Million<br>Metric Tonnes",2011,"2011-10-01"
511.71243729589537,1128.1212392625314,155.60024233617224,"1,128 lb/MWh <br>↓ 14.6% from 2005","512 kg/MWh <br>↓ 14.6% from 2005","156 Million<br>Metric Tonnes",2011,"2011-11-01"
512.3427570718145,1129.5108422405224,172.00976811435496,"1,130 lb/MWh <br>↓ 14.5% from 2005","512 kg/MWh <br>↓ 14.5% from 2005","172 Million<br>Metric Tonnes",2011,"2011-12-01"
499.9247856195517,1102.1341823768635,169.7344388122214,"1,102 lb/MWh <br>↓ 16.6% from 2005","500 kg/MWh <br>↓ 16.6% from 2005","170 Million<br>Metric Tonnes",2012,"2012-01-01"
497.9385377329318,1097.7553002860216,154.05469543043648,"1,098 lb/MWh <br>↓ 16.9% from 2005","498 kg/MWh <br>↓ 16.9% from 2005","154 Million<br>Metric Tonnes",2012,"2012-02-01"
477.58240231253166,1052.8781641382075,147.60916114556213,"1,053 lb/MWh <br>↓ 20.3% from 2005","478 kg/MWh <br>↓ 20.3% from 2005","148 Million<br>Metric Tonnes",2012,"2012-03-01"
471.2681637616462,1038.9577938289253,139.12828520524087,"1,039 lb/MWh <br>↓ 21.3% from 2005","471 kg/MWh <br>↓ 21.3% from 2005","139 Million<br>Metric Tonnes",2012,"2012-04-01"
494.2891136311255,1089.709779911179,166.32648466750905,"1,090 lb/MWh <br>↓ 17.5% from 2005","494 kg/MWh <br>↓ 17.5% from 2005","166 Million<br>Metric Tonnes",2012,"2012-05-01"
518.367864565877,1142.7937942219326,187.03217064910015,"1,143 lb/MWh <br>↓ 13.5% from 2005","518 kg/MWh <br>↓ 13.5% from 2005","187 Million<br>Metric Tonnes",2012,"2012-06-01"
547.6831550845105,1207.422283699312,227.0835941019289,"1,207 lb/MWh <br>↓ 8.6% from 2005","548 kg/MWh <br>↓ 8.6% from 2005","227 Million<br>Metric Tonnes",2012,"2012-07-01"
541.7094477185926,1194.2526484404095,214.3459701188399,"1,194 lb/MWh <br>↓ 9.6% from 2005","542 kg/MWh <br>↓ 9.6% from 2005","214 Million<br>Metric Tonnes",2012,"2012-08-01"
526.4921631186265,1160.704622811324,176.14871470800514,"1,161 lb/MWh <br>↓ 12.1% from 2005","526 kg/MWh <br>↓ 12.1% from 2005","176 Million<br>Metric Tonnes",2012,"2012-09-01"
521.7769900909445,1150.3095523544964,162.60269795017751,"1,150 lb/MWh <br>↓ 12.9% from 2005","522 kg/MWh <br>↓ 12.9% from 2005","163 Million<br>Metric Tonnes",2012,"2012-10-01"
536.8335905127074,1183.5033336443148,164.24367401850316,"1,184 lb/MWh <br>↓ 10.4% from 2005","537 kg/MWh <br>↓ 10.4% from 2005","164 Million<br>Metric Tonnes",2012,"2012-11-01"
509.45321656248115,1123.140561233646,170.474464636749,"1,123 lb/MWh <br>↓ 15.0% from 2005","509 kg/MWh <br>↓ 15.0% from 2005","170 Million<br>Metric Tonnes",2012,"2012-12-01"
510.0983418937661,1124.5628045389967,177.99970856072866,"1,125 lb/MWh <br>↓ 14.9% from 2005","510 kg/MWh <br>↓ 14.9% from 2005","178 Million<br>Metric Tonnes",2013,"2013-01-01"
512.0786776380564,1128.9286527208594,158.59362937349385,"1,129 lb/MWh <br>↓ 14.5% from 2005","512 kg/MWh <br>↓ 14.5% from 2005","159 Million<br>Metric Tonnes",2013,"2013-02-01"
516.1145559634552,1137.8261500770336,167.94017151978616,"1,138 lb/MWh <br>↓ 13.9% from 2005","516 kg/MWh <br>↓ 13.9% from 2005","168 Million<br>Metric Tonnes",2013,"2013-03-01"
490.0209787993229,1080.3002498609872,146.67591612526047,"1,080 lb/MWh <br>↓ 18.2% from 2005","490 kg/MWh <br>↓ 18.2% from 2005","147 Million<br>Metric Tonnes",2013,"2013-04-01"
494.06349129619423,1089.21237291159,159.16121972987992,"1,089 lb/MWh <br>↓ 17.5% from 2005","494 kg/MWh <br>↓ 17.5% from 2005","159 Million<br>Metric Tonnes",2013,"2013-05-01"
520.1558571165642,1146.7356025991776,185.59865148632295,"1,147 lb/MWh <br>↓ 13.2% from 2005","520 kg/MWh <br>↓ 13.2% from 2005","186 Million<br>Metric Tonnes",2013,"2013-06-01"
533.1684590851628,1175.4231848991499,210.51341657921606,"1,175 lb/MWh <br>↓ 11.0% from 2005","533 kg/MWh <br>↓ 11.0% from 2005","211 Million<br>Metric Tonnes",2013,"2013-07-01"
535.5943932408181,1180.771399338708,206.35287225689228,"1,181 lb/MWh <br>↓ 10.6% from 2005","536 kg/MWh <br>↓ 10.6% from 2005","206 Million<br>Metric Tonnes",2013,"2013-08-01"
531.1292537294275,1170.927552771896,181.08010797933787,"1,171 lb/MWh <br>↓ 11.3% from 2005","531 kg/MWh <br>↓ 11.3% from 2005","181 Million<br>Metric Tonnes",2013,"2013-09-01"
514.1240289216117,1133.4378341605852,161.90787376057003,"1,133 lb/MWh <br>↓ 14.2% from 2005","514 kg/MWh <br>↓ 14.2% from 2005","162 Million<br>Metric Tonnes",2013,"2013-10-01"
503.8565566320419,1110.8021647509995,158.47887844505587,"1,111 lb/MWh <br>↓ 15.9% from 2005","504 kg/MWh <br>↓ 15.9% from 2005","158 Million<br>Metric Tonnes",2013,"2013-11-01"
519.0342139506566,1144.2628280756176,183.220455669417,"1,144 lb/MWh <br>↓ 13.4% from 2005","519 kg/MWh <br>↓ 13.4% from 2005","183 Million<br>Metric Tonnes",2013,"2013-12-01"
529.0376637525827,1166.3164335089439,199.90559431407215,"1,166 lb/MWh <br>↓ 11.7% from 2005","529 kg/MWh <br>↓ 11.7% from 2005","200 Million<br>Metric Tonnes",2014,"2014-01-01"
543.2607709859875,1197.6726957157084,176.55410305420767,"1,198 lb/MWh <br>↓ 9.3% from 2005","543 kg/MWh <br>↓ 9.3% from 2005","177 Million<br>Metric Tonnes",2014,"2014-02-01"
514.8270959142408,1134.9878156525353,171.291749111829,"1,135 lb/MWh <br>↓ 14.1% from 2005","515 kg/MWh <br>↓ 14.1% from 2005","171 Million<br>Metric Tonnes",2014,"2014-03-01"
480.5226723755592,1059.3602835191575,143.4873918966545,"1,059 lb/MWh <br>↓ 19.8% from 2005","481 kg/MWh <br>↓ 19.8% from 2005","143 Million<br>Metric Tonnes",2014,"2014-04-01"
490.11306016586866,1080.5032524416742,159.67137744171654,"1,081 lb/MWh <br>↓ 18.2% from 2005","490 kg/MWh <br>↓ 18.2% from 2005","160 Million<br>Metric Tonnes",2014,"2014-05-01"
510.46250952744566,1125.365648504207,183.22029795258905,"1,125 lb/MWh <br>↓ 14.8% from 2005","510 kg/MWh <br>↓ 14.8% from 2005","183 Million<br>Metric Tonnes",2014,"2014-06-01"
525.0863683858248,1157.6054077433894,203.16478572941733,"1,158 lb/MWh <br>↓ 12.4% from 2005","525 kg/MWh <br>↓ 12.4% from 2005","203 Million<br>Metric Tonnes",2014,"2014-07-01"
532.4387140083014,1173.8143889027015,205.23863866976166,"1,174 lb/MWh <br>↓ 11.1% from 2005","532 kg/MWh <br>↓ 11.1% from 2005","205 Million<br>Metric Tonnes",2014,"2014-08-01"
513.5368281740245,1132.1432913924546,175.07660827197512,"1,132 lb/MWh <br>↓ 14.3% from 2005","514 kg/MWh <br>↓ 14.3% from 2005","175 Million<br>Metric Tonnes",2014,"2014-09-01"
491.1133536894675,1082.7084995438001,154.92988383005633,"1,083 lb/MWh <br>↓ 18.0% from 2005","491 kg/MWh <br>↓ 18.0% from 2005","155 Million<br>Metric Tonnes",2014,"2014-10-01"
490.9218291629882,1082.286264572724,156.2498425341652,"1,082 lb/MWh <br>↓ 18.1% from 2005","491 kg/MWh <br>↓ 18.1% from 2005","156 Million<br>Metric Tonnes",2014,"2014-11-01"
487.563556707751,1074.8826171179078,165.14286948741994,"1,075 lb/MWh <br>↓ 18.6% from 2005","488 kg/MWh <br>↓ 18.6% from 2005","165 Million<br>Metric Tonnes",2014,"2014-12-01"
491.0063287889465,1082.4725524481116,177.34708525542493,"1,082 lb/MWh <br>↓ 18.0% from 2005","491 kg/MWh <br>↓ 18.0% from 2005","177 Million<br>Metric Tonnes",2015,"2015-01-01"
505.1120943390995,1113.570123179979,169.343320624274,"1,114 lb/MWh <br>↓ 15.7% from 2005","505 kg/MWh <br>↓ 15.7% from 2005","169 Million<br>Metric Tonnes",2015,"2015-02-01"
467.0852683233565,1029.736182545672,151.9477437362992,"1,030 lb/MWh <br>↓ 22.0% from 2005","467 kg/MWh <br>↓ 22.0% from 2005","152 Million<br>Metric Tonnes",2015,"2015-03-01"
441.052920885022,972.3452693831193,130.2791112190604,"972 lb/MWh <br>↓ 26.4% from 2005","441 kg/MWh <br>↓ 26.4% from 2005","130 Million<br>Metric Tonnes",2015,"2015-04-01"
471.23523271935824,1038.8851940530972,152.42772661148584,"1,039 lb/MWh <br>↓ 21.3% from 2005","471 kg/MWh <br>↓ 21.3% from 2005","152 Million<br>Metric Tonnes",2015,"2015-05-01"
502.6673537854952,1108.180448155503,182.8685549652506,"1,108 lb/MWh <br>↓ 16.1% from 2005","503 kg/MWh <br>↓ 16.1% from 2005","183 Million<br>Metric Tonnes",2015,"2015-06-01"
512.4821332722987,1129.8181110121095,205.95835524213174,"1,130 lb/MWh <br>↓ 14.5% from 2005","512 kg/MWh <br>↓ 14.5% from 2005","206 Million<br>Metric Tonnes",2015,"2015-07-01"
510.7373992419383,1125.9716703687773,201.00770055360488,"1,126 lb/MWh <br>↓ 14.8% from 2005","511 kg/MWh <br>↓ 14.8% from 2005","201 Million<br>Metric Tonnes",2015,"2015-08-01"
500.35726586460817,1103.0876283251152,175.8420843955755,"1,103 lb/MWh <br>↓ 16.5% from 2005","500 kg/MWh <br>↓ 16.5% from 2005","176 Million<br>Metric Tonnes",2015,"2015-09-01"
471.81554631591484,1040.164553408066,147.81587287407206,"1,040 lb/MWh <br>↓ 21.2% from 2005","472 kg/MWh <br>↓ 21.2% from 2005","148 Million<br>Metric Tonnes",2015,"2015-10-01"
447.52294753641166,986.6090901387732,134.9815784560844,"987 lb/MWh <br>↓ 25.3% from 2005","448 kg/MWh <br>↓ 25.3% from 2005","135 Million<br>Metric Tonnes",2015,"2015-11-01"
428.8764459331382,945.5010127041966,139.5242692255424,"946 lb/MWh <br>↓ 28.4% from 2005","429 kg/MWh <br>↓ 28.4% from 2005","140 Million<br>Metric Tonnes",2015,"2015-12-01"
455.2379529813089,1003.6175911425937,161.01367744618236,"1,004 lb/MWh <br>↓ 24.0% from 2005","455 kg/MWh <br>↓ 24.0% from 2005","161 Million<br>Metric Tonnes",2016,"2016-01-01"
430.8986713692704,949.9592109006936,135.65674590727792,"950 lb/MWh <br>↓ 28.1% from 2005","431 kg/MWh <br>↓ 28.1% from 2005","136 Million<br>Metric Tonnes",2016,"2016-02-01"
388.9154169053765,857.4029281095931,118.96495734240852,"857 lb/MWh <br>↓ 35.1% from 2005","389 kg/MWh <br>↓ 35.1% from 2005","119 Million<br>Metric Tonnes",2016,"2016-03-01"
395.8506420917524,872.6923255554773,116.6053113466897,"873 lb/MWh <br>↓ 33.9% from 2005","396 kg/MWh <br>↓ 33.9% from 2005","117 Million<br>Metric Tonnes",2016,"2016-04-01"
414.7352866902458,914.325413037316,132.14872228461377,"914 lb/MWh <br>↓ 30.8% from 2005","415 kg/MWh <br>↓ 30.8% from 2005","132 Million<br>Metric Tonnes",2016,"2016-05-01"
474.85422237052836,1046.8636186380668,175.54423658574606,"1,047 lb/MWh <br>↓ 20.7% from 2005","475 kg/MWh <br>↓ 20.7% from 2005","176 Million<br>Metric Tonnes",2016,"2016-06-01"
497.4992636065952,1096.7868765471,205.8939066793108,"1,097 lb/MWh <br>↓ 17.0% from 2005","497 kg/MWh <br>↓ 17.0% from 2005","206 Million<br>Metric Tonnes",2016,"2016-07-01"
501.0286010485356,1104.5676538716016,206.23030486420654,"1,105 lb/MWh <br>↓ 16.4% from 2005","501 kg/MWh <br>↓ 16.4% from 2005","206 Million<br>Metric Tonnes",2016,"2016-08-01"
483.62031315446,1066.1893423803224,170.812169165061,"1,066 lb/MWh <br>↓ 19.3% from 2005","484 kg/MWh <br>↓ 19.3% from 2005","171 Million<br>Metric Tonnes",2016,"2016-09-01"
460.91979135967256,1016.143772031534,144.94697371935183,"1,016 lb/MWh <br>↓ 23.1% from 2005","461 kg/MWh <br>↓ 23.1% from 2005","145 Million<br>Metric Tonnes",2016,"2016-10-01"
430.59323545919403,949.2858468933392,128.44452652671276,"949 lb/MWh <br>↓ 28.1% from 2005","431 kg/MWh <br>↓ 28.1% from 2005","128 Million<br>Metric Tonnes",2016,"2016-11-01"
462.3592528040844,1019.3172087318843,160.20118807740386,"1,019 lb/MWh <br>↓ 22.8% from 2005","462 kg/MWh <br>↓ 22.8% from 2005","160 Million<br>Metric Tonnes",2016,"2016-12-01"
453.3913708437944,999.5466161622293,155.3241895133764,"1,000 lb/MWh <br>↓ 24.3% from 2005","453 kg/MWh <br>↓ 24.3% from 2005","155 Million<br>Metric Tonnes",2017,"2017-01-01"
417.3908653138387,920.1799016708889,121.66274052811487,"920 lb/MWh <br>↓ 30.3% from 2005","417 kg/MWh <br>↓ 30.3% from 2005","122 Million<br>Metric Tonnes",2017,"2017-02-01"
406.04570861615485,895.1683692151753,130.75727567548108,"895 lb/MWh <br>↓ 32.2% from 2005","406 kg/MWh <br>↓ 32.2% from 2005","131 Million<br>Metric Tonnes",2017,"2017-03-01"
403.56651243561606,889.7027333155593,119.34878456238519,"890 lb/MWh <br>↓ 32.6% from 2005","404 kg/MWh <br>↓ 32.6% from 2005","119 Million<br>Metric Tonnes",2017,"2017-04-01"
421.6067164962298,929.4741671875884,136.5429105151158,"929 lb/MWh <br>↓ 29.6% from 2005","422 kg/MWh <br>↓ 29.6% from 2005","137 Million<br>Metric Tonnes",2017,"2017-05-01"
445.9760532434908,983.1988069806,160.35081417032671,"983 lb/MWh <br>↓ 25.6% from 2005","446 kg/MWh <br>↓ 25.6% from 2005","160 Million<br>Metric Tonnes",2017,"2017-06-01"
476.47155925695574,1050.4291995378846,192.33685735546433,"1,050 lb/MWh <br>↓ 20.5% from 2005","476 kg/MWh <br>↓ 20.5% from 2005","192 Million<br>Metric Tonnes",2017,"2017-07-01"
472.49145705358507,1041.6546662203336,181.54224190923946,"1,042 lb/MWh <br>↓ 21.1% from 2005","472 kg/MWh <br>↓ 21.1% from 2005","182 Million<br>Metric Tonnes",2017,"2017-08-01"
447.81792793343965,987.259403922061,150.49858776204206,"987 lb/MWh <br>↓ 25.3% from 2005","448 kg/MWh <br>↓ 25.3% from 2005","150 Million<br>Metric Tonnes",2017,"2017-09-01"
427.0038062371117,941.3725912303363,136.73019234343747,"941 lb/MWh <br>↓ 28.7% from 2005","427 kg/MWh <br>↓ 28.7% from 2005","137 Million<br>Metric Tonnes",2017,"2017-10-01"
427.3982998162812,942.2422917749736,131.64252338115514,"942 lb/MWh <br>↓ 28.7% from 2005","427 kg/MWh <br>↓ 28.7% from 2005","132 Million<br>Metric Tonnes",2017,"2017-11-01"
440.8597855633705,971.9194832530068,153.05595230316382,"972 lb/MWh <br>↓ 26.4% from 2005","441 kg/MWh <br>↓ 26.4% from 2005","153 Million<br>Metric Tonnes",2017,"2017-12-01"
452.14680860123735,996.8028542422877,169.1528153717977,"997 lb/MWh <br>↓ 24.5% from 2005","452 kg/MWh <br>↓ 24.5% from 2005","169 Million<br>Metric Tonnes",2018,"2018-01-01"
398.32486399100327,878.1469951545657,122.70630542521435,"878 lb/MWh <br>↓ 33.5% from 2005","398 kg/MWh <br>↓ 33.5% from 2005","123 Million<br>Metric Tonnes",2018,"2018-02-01"
388.78421521104525,857.1136808542705,125.25557373801524,"857 lb/MWh <br>↓ 35.1% from 2005","389 kg/MWh <br>↓ 35.1% from 2005","125 Million<br>Metric Tonnes",2018,"2018-03-01"
377.5987725525199,832.4542539692853,114.99030860178101,"832 lb/MWh <br>↓ 37.0% from 2005","378 kg/MWh <br>↓ 37.0% from 2005","115 Million<br>Metric Tonnes",2018,"2018-04-01"
400.5178121644328,882.9815686977086,136.8251257379355,"883 lb/MWh <br>↓ 33.1% from 2005","401 kg/MWh <br>↓ 33.1% from 2005","137 Million<br>Metric Tonnes",2018,"2018-05-01"
427.6476282870005,942.7919613215213,159.97019171527612,"943 lb/MWh <br>↓ 28.6% from 2005","428 kg/MWh <br>↓ 28.6% from 2005","160 Million<br>Metric Tonnes",2018,"2018-06-01"
