fuel category,year,quarter,total fuel (mmbtu),generation (mwh),elec fuel (mmbtu),elec fuel fossil co2 (kg),adjusted co2 (kg),adjusted index (g/kwh),adjusted index (lb/mwh),year_quarter
Coal,2001,1,5094000000.0,482291604.0,4976968000.0,477818217812.25,485144988727.48145,1005.9163060352206,2217.6430882852474,2001 Q1
Coal,2001,2,4822767000.0,454879371.0,4716978000.0,452244440346.75,459335177302.02405,1009.7955778742581,2226.1953309815894,2001 Q2
Coal,2001,3,5521643000.0,516334801.0,5407625000.0,518108028075.75,524057447380.979,1014.9566644859543,2237.573462525735,2001 Q3
Coal,2001,4,4793881000.0,450450163.0,4687877000.0,449004148980.0,451860376746.95593,1003.1306765160521,2211.5018894472887,2001 Q4
Coal,2002,1,4826986000.0,458892491.0,4717666000.0,450661692718.5,460728324025.5172,1004.0005732530437,2213.41966379366,2002 Q1
Coal,2002,2,4849085000.0,458378687.0,4748902000.0,453903533517.0,464687391850.2564,1013.7630850412039,2234.9420972818384,2002 Q2
Coal,2002,3,5613789000.0,528516455.0,5506145000.0,526454087107.5,538077411624.54663,1018.0901777685364,2244.4816059085156,2002 Q3
Coal,2002,4,5128112000.0,487342713.0,5024186000.0,480204958308.0,490507992068.98535,1006.494975680462,2218.9188233851464,2002 Q4
Coal,2003,1,5165460000.0,493297411.0,5055026000.0,483223318222.5,492962300976.22217,999.3206734592454,2203.1023567082525,2003 Q1
Coal,2003,2,4795753000.0,454507584.0,4698518000.0,448866408431.25,455901671831.87726,1003.0672487785754,2211.362056657247,2003 Q2
Coal,2003,3,5631662000.0,532094144.0,5525646000.0,527749960881.0,535784448174.2747,1006.9354346705134,2219.889859274614,2003 Q3
Coal,2003,4,5190703000.0,493837607.0,5087694000.0,486366904836.0,493891816110.82416,1000.1097711273013,2204.8420014272488,2003 Q4
Coal,2004,1,5232259580.0,496448931.9000001,5084312070.0,485501254638.4877,494398477008.14435,995.8697566655884,2195.4944655449563,2004 Q1
Coal,2004,2,4940395610.0,466129239.67999995,4805591100.0,458909902281.5473,464373791680.3965,996.2339886663008,2196.297451413727,2004 Q2
Coal,2004,3,5562142260.0,523926086.56000006,5420550470.0,517586612931.76495,522607029796.1205,997.4823609709143,2199.0496129964777,2004 Q3
Coal,2004,4,5205450270.0,491796291.07,5065297260.0,483686649399.2773,488713973010.61304,993.732530896724,2190.782737614918,2004 Q4
Coal,2005,1,5245877300.0,496444621.26,5103178640.0,486297307886.04,492305020532.8036,991.661505533709,2186.216955099615,2005 Q1
Coal,2005,2,4989728090.0,471908197.79999995,4860198510.0,463411697828.9928,466939394604.9829,989.4708267027756,2181.3873845489393,2005 Q2
Coal,2005,3,5821763560.0,545320727.15,5682891410.0,541497846488.10754,545879293596.03076,1001.0242897770455,2206.8581492424746,2005 Q3
Coal,2005,4,5293012970.0,499199499.65,5155447570.0,491190127274.87976,494536203573.0948,990.6584520213366,2184.005623326239,2005 Q4
Coal,2006,1,5161877180.0,489177384.76,5024705380.0,478608987554.6848,484579507605.65735,990.6007977932209,2183.878518814935,2006 Q1
Coal,2006,2,4955862440.0,468129466.9500001,4828063970.0,459878384378.1074,463273403384.2133,989.6266654662321,2181.7309466868555,2006 Q2
Coal,2006,3,5727969790.0,538866155.39,5593580780.0,532794716375.6699,538379796525.95447,999.0974403213474,2202.6102169324427,2006 Q3
Coal,2006,4,5214262460.0,494338127.5199999,5081060390.0,483976725432.34515,488079700306.00085,987.3397845207764,2176.689288954504,2006 Q4
Coal,2007,1,5272308770.0,499153324.2099999,5132608740.0,488880984199.5,492597300588.1903,986.865711788686,2175.6441482093373,2007 Q1
Coal,2007,2,5052294780.0,477275706.52,4926583510.0,469257086852.25,475165539245.32306,995.5787247373997,2194.8528565560714,2007 Q2
Coal,2007,3,5794495680.0,544579876.9099998,5668595090.0,539933689656.75,545076116579.6789,1000.9112339451373,2206.6089063554496,2007 Q3
Coal,2007,4,5244489090.0,495446676.29999995,5114083790.0,487116488712.75,491143129378.0228,991.3138040321189,2185.4504123692095,2007 Q4
Coal,2008,1,5389915330.0,510285102.1700001,5255439770.0,500580639521.25,503348531024.16254,986.406479208702,2174.6317240635044,2008 Q1
Coal,2008,2,5020751940.0,472942204.37,4898858080.0,466616233739.25,471960381489.1466,997.9240108584488,2200.0232743385363,2008 Q2
Coal,2008,3,5628721330.0,528666296.65,5504185060.0,524273631918.0,530714333374.48486,1003.8739687728586,2213.140551556644,2008 Q3
Coal,2008,4,5012317880.0,473907643.7500001,4890127320.0,465784636183.5,469087275747.78955,989.828465386067,2182.1758347901236,2008 Q4
Coal,2009,1,4758259220.0,448371262.9599999,4631994200.0,441197450598.0,444342734926.8371,991.0151957407622,2184.7921005300846,2009 Q1
Coal,2009,2,4335292540.0,405694801.78999996,4228590290.0,402773226741.75,406482346105.8364,1001.9412235807846,2208.879621506198,2009 Q2
Coal,2009,3,4893771820.0,458639000.15999997,4781494830.0,455437392082.5,461122375887.77466,1005.4146632251255,2216.537166546112,2009 Q3
Coal,2009,4,4715960630.0,443199188.24999994,4598531470.0,438010132709.25,441535850163.75226,996.2469739784148,2196.3260788328134,2009 Q4
Coal,2010,1,4997831820.0,470769953.2600001,4870900660.0,463953294246.75,466893727035.9475,991.7661987618147,2186.4477617902967,2010 Q1
Coal,2010,2,4654206270.0,435715867.9199999,4529106620.0,431397409936.5,437773141611.33057,1004.7215946051072,2215.0092274664194,2010 Q2
Coal,2010,3,5411555880.0,506091490.9200001,5292689750.0,504128694972.75,511326393134.76135,1010.3437862692475,2227.403911209183,2010 Q3
Coal,2010,4,4623652380.0,434712966.66999996,4503618070.0,428969628787.5,436602052966.85156,1004.3455945455744,2214.1802977351736,2010 Q4
Coal,2011,1,4725439870.0,443959068.03,4595810580.0,437882994057.0,444917380435.04626,1002.1585602684019,2209.3587619677187,2011 Q1
Coal,2011,2,4490464590.0,419645035.14,4374474540.0,417005324484.0,423054426140.4679,1008.1244640469307,2222.5111934378638,2011 Q2
Coal,2011,3,5235164200.0,488807502.71,5116251490.0,487502089764.0,496232269165.20715,1015.1895509255555,2238.08688397048,2011 Q3
Coal,2011,4,4103051180.0,381018399.81000006,3987761050.0,379891968751.5,386193631542.1643,1013.5826294340245,2234.5442648502503,2011 Q4
Coal,2012,1,3765171170.0,348488583.62,3648491360.0,347645417007.75,354090907060.84753,1016.0760601757802,2240.0412822635253,2012 Q1
Coal,2012,2,3704015700.0,343529123.39,3607313340.0,343723849825.5,350880326204.1252,1021.3990672510743,2251.7763836617182,2012 Q2
Coal,2012,3,4715294540.0,438219925.76,4612584930.0,439512223304.25,447844360042.06445,1021.9625665477737,2253.018674211222,2012 Q3
Coal,2012,4,4103582290.0,383805312.1700001,3998751350.0,381032678465.25,386618729208.1971,1007.3303233409933,2220.760430837554,2012 Q4
Coal,2013,1,4186620000.0,392285186.3299999,4080459290.0,388663759564.5,394762125458.2692,1006.3141286354505,2218.520127989714,2013 Q1
Coal,2013,2,3960134030.0,369630398.59000003,3864975410.0,368138917803.75,375030710865.3974,1014.6100328760771,2236.8092784785995,2013 Q2
Coal,2013,3,4659393090.0,435403342.96000004,4562472690.0,434575527246.75,443925806508.5379,1019.5737209792641,2247.752225270886,2013 Q3
Coal,2013,4,4104429530.0,383795788.18999994,4001560920.0,381165280467.0,387979980529.7075,1010.9021319890987,2228.6348401831674,2013 Q4
Coal,2014,1,4639261470.0,436834457.48,4527574540.0,431256358878.75,435110085676.5957,996.0525737521901,2195.8975040940786,2014 Q1
Coal,2014,2,3899219360.0,365643313.82,3806770860.0,362607747732.0,369622087641.21985,1010.8815713862022,2228.589512278021,2014 Q2
Coal,2014,3,4530936860.0,424189065.6100001,4438276050.0,422747867069.25,432486619814.5273,1019.5609808861881,2247.7241384616905,2014 Q3
Coal,2014,4,3794136710.0,355043513.08,3699383110.0,353040755531.25,358971275198.618,1011.0627626584265,2228.988966556767,2014 Q4
Coal,2015,1,3924839440.0,367914891.3299999,3824491940.0,368122985336.25,368811338672.608,1002.4365617259128,2209.9716439809476,2015 Q1
Coal,2015,2,3429950970.0,319246782.9,3344959580.0,318658338266.25,326580671140.76984,1022.9724734393552,2255.2451149444028,2015 Q2
Coal,2015,3,4203261230.0,391755809.73999995,4116129500.0,392781180368.25,403603869273.0486,1030.2434813689474,2271.2747790259814,2015 Q3
Coal,2015,4,2965653860.0,273480713.08,2881630720.0,275255252892.0,282372033586.9352,1032.5116912516396,2276.2752745333646,2015 Q4
Coal,2016,1,3020159110.0,278336714.58000004,2925055090.0,278611505037.75,284611623744.10986,1022.5443099505519,2254.3011857169868,2016 Q1
Coal,2016,2,2916528160.0,269841756.34999996,2836636140.0,270189594335.25,277148670302.26245,1027.0785146491005,2264.297293395407,2016 Q2
Coal,2016,3,4126185150.0,386088935.62000006,4040892220.0,384894993956.25,394316083728.46155,1021.3089455548627,2251.5777013702505,2016 Q3
Coal,2016,4,3259408720.0,304881248.06999993,3177327780.0,302640479141.25,310138788296.1271,1017.2445509830766,2242.6173370972906,2016 Q4
Coal,2017,1,3123509200.0,291708245.15000004,3042733770.0,293649203086.5,283456372557.83154,971.711898003002,2142.2360503374184,2017 Q1
Coal,2017,2,3021145630.0,282006935.53,2948926060.0,284077887012.0,272555093697.31323,966.4836546841549,2130.709865116688,2017 Q2
Coal,2017,3,3692804400.0,345983442.90999997,3620786360.0,350255505228.0,331658797853.04626,958.5973105057517,2113.32363074098,2017 Q3
Coal,2017,4,3083336800.0,287658715.94,3005683430.0,289775233377.0,276852366869.0393,962.4334377088206,2121.780756772866,2017 Q4
Coal,2018,1,3022321640.0,281374600.68000007,2944737080.0,284119732051.5,277810460472.81305,987.3331132285091,2176.6745814235715,2018 Q1
Coal,2018,2,2797930230.0,260328259.40000004,2732776820.0,263496418650.0,255390156079.63644,981.0312436623483,2162.7814797780134,2018 Q2
Hydro,2001,1,0.0,56802131.0,0.0,0.0,0.0,0.0,0.0,2001 Q1
Hydro,2001,2,0.0,57916258.0,0.0,0.0,0.0,0.0,0.0,2001 Q2
Hydro,2001,3,0.0,52248915.0,0.0,0.0,0.0,0.0,0.0,2001 Q3
Hydro,2001,4,0.0,49993748.0,0.0,0.0,0.0,0.0,0.0,2001 Q4
Hydro,2002,1,0.0,62995428.0,0.0,0.0,0.0,0.0,0.0,2002 Q1
Hydro,2002,2,0.0,79122139.0,0.0,0.0,0.0,0.0,0.0,2002 Q2
Hydro,2002,3,0.0,63641356.0,0.0,0.0,0.0,0.0,0.0,2002 Q3
Hydro,2002,4,0.0,58569901.0,0.0,0.0,0.0,0.0,0.0,2002 Q4
Hydro,2003,1,0.0,64582208.0,0.0,0.0,0.0,0.0,0.0,2003 Q1
Hydro,2003,2,0.0,82740517.0,0.0,0.0,0.0,0.0,0.0,2003 Q2
Hydro,2003,3,0.0,66295576.0,0.0,0.0,0.0,0.0,0.0,2003 Q3
Hydro,2003,4,0.0,62188023.0,0.0,0.0,0.0,0.0,0.0,2003 Q4
Hydro,2004,1,0.0,66811203.860000014,0.0,0.0,0.0,0.0,0.0,2004 Q1
Hydro,2004,2,0.0,70160037.94,0.0,0.0,0.0,0.0,0.0,2004 Q2
Hydro,2004,3,0.0,65435508.31,0.0,0.0,0.0,0.0,0.0,2004 Q3
Hydro,2004,4,0.0,66010558.28,0.0,0.0,0.0,0.0,0.0,2004 Q4
Hydro,2005,1,0.0,68815006.38,0.0,0.0,0.0,0.0,0.0,2005 Q1
Hydro,2005,2,0.0,77119859.58000001,0.0,0.0,0.0,0.0,0.0,2005 Q2
Hydro,2005,3,0.0,64886204.400000006,0.0,0.0,0.0,0.0,0.0,2005 Q3
Hydro,2005,4,0.0,59500184.849999994,0.0,0.0,0.0,0.0,0.0,2005 Q4
Hydro,2006,1,0.0,76822948.03,0.0,0.0,0.0,0.0,0.0,2006 Q1
Hydro,2006,2,0.0,89131410.08,0.0,0.0,0.0,0.0,0.0,2006 Q2
Hydro,2006,3,0.0,64369206.989999995,0.0,0.0,0.0,0.0,0.0,2006 Q3
Hydro,2006,4,0.0,58922850.83999999,0.0,0.0,0.0,0.0,0.0,2006 Q4
Hydro,2007,1,0.0,68774799.82,0.0,0.0,0.0,0.0,0.0,2007 Q1
Hydro,2007,2,0.0,72754167.69,0.0,0.0,0.0,0.0,0.0,2007 Q2
Hydro,2007,3,0.0,57160845.83,0.0,0.0,0.0,0.0,0.0,2007 Q3
Hydro,2007,4,0.0,48820161.34,0.0,0.0,0.0,0.0,0.0,2007 Q4
Hydro,2008,1,0.0,61236955.400000006,0.0,0.0,0.0,0.0,0.0,2008 Q1
Hydro,2008,2,0.0,78632506.7,0.0,0.0,0.0,0.0,0.0,2008 Q2
Hydro,2008,3,0.0,62962556.160000004,0.0,0.0,0.0,0.0,0.0,2008 Q3
Hydro,2008,4,0.0,51999367.160000004,0.0,0.0,0.0,0.0,0.0,2008 Q4
Hydro,2009,1,0.0,63129781.019999996,0.0,0.0,0.0,0.0,0.0,2009 Q1
Hydro,2009,2,0.0,84562857.16,0.0,0.0,0.0,0.0,0.0,2009 Q2
Hydro,2009,3,0.0,60323878.71999999,0.0,0.0,0.0,0.0,0.0,2009 Q3
Hydro,2009,4,0.0,65428577.61999999,0.0,0.0,0.0,0.0,0.0,2009 Q4
Hydro,2010,1,0.0,63858565.150000006,0.0,0.0,0.0,0.0,0.0,2010 Q1
Hydro,2010,2,0.0,74029706.52,0.0,0.0,0.0,0.0,0.0,2010 Q2
Hydro,2010,3,0.0,61901200.03,0.0,0.0,0.0,0.0,0.0,2010 Q3
Hydro,2010,4,0.0,60413597.849999994,0.0,0.0,0.0,0.0,0.0,2010 Q4
Hydro,2011,1,0.0,80796791.29,0.0,0.0,0.0,0.0,0.0,2011 Q1
Hydro,2011,2,0.0,95932446.99000001,0.0,0.0,0.0,0.0,0.0,2011 Q2
Hydro,2011,3,0.0,78425804.61999999,0.0,0.0,0.0,0.0,0.0,2011 Q3
Hydro,2011,4,0.0,64199860.83999999,0.0,0.0,0.0,0.0,0.0,2011 Q4
Hydro,2012,1,0.0,69297742.66999999,0.0,0.0,0.0,0.0,0.0,2012 Q1
Hydro,2012,2,0.0,81594372.93,0.0,0.0,0.0,0.0,0.0,2012 Q2
Hydro,2012,3,0.0,67128735.82,0.0,0.0,0.0,0.0,0.0,2012 Q3
Hydro,2012,4,0.0,58219368.13000001,0.0,0.0,0.0,0.0,0.0,2012 Q4
Hydro,2013,1,0.0,65781350.79,0.0,0.0,0.0,0.0,0.0,2013 Q1
Hydro,2013,2,0.0,80931265.42,0.0,0.0,0.0,0.0,0.0,2013 Q2
Hydro,2013,3,0.0,65849039.49,0.0,0.0,0.0,0.0,0.0,2013 Q3
Hydro,2013,4,0.0,56003727.28,0.0,0.0,0.0,0.0,0.0,2013 Q4
Hydro,2014,1,0.0,63287052.89,0.0,0.0,0.0,0.0,0.0,2014 Q1
Hydro,2014,2,0.0,77727669.44000001,0.0,0.0,0.0,0.0,0.0,2014 Q2
Hydro,2014,3,0.0,60238975.839999996,0.0,0.0,0.0,0.0,0.0,2014 Q3
Hydro,2014,4,0.0,58112923.97,0.0,0.0,0.0,0.0,0.0,2014 Q4
Hydro,2015,1,0.0,70705364.66999999,0.0,0.0,0.0,0.0,0.0,2015 Q1
Hydro,2015,2,0.0,63010476.870000005,0.0,0.0,0.0,0.0,0.0,2015 Q2
Hydro,2015,3,0.0,56230448.99999999,0.0,0.0,0.0,0.0,0.0,2015 Q3
Hydro,2015,4,0.0,59133794.45,0.0,0.0,0.0,0.0,0.0,2015 Q4
Hydro,2016,1,0.0,77143435.03,0.0,0.0,0.0,0.0,0.0,2016 Q1
Hydro,2016,2,0.0,74601277.67999999,0.0,0.0,0.0,0.0,0.0,2016 Q2
Hydro,2016,3,0.0,57392554.17999999,0.0,0.0,0.0,0.0,0.0,2016 Q3
Hydro,2016,4,0.0,58674886.41,0.0,0.0,0.0,0.0,0.0,2016 Q4
Hydro,2017,1,0.0,82446476.08,0.0,0.0,0.0,0.0,0.0,2017 Q1
Hydro,2017,2,0.0,91780415.21000001,0.0,0.0,0.0,0.0,0.0,2017 Q2
Hydro,2017,3,0.0,65841424.06999999,0.0,0.0,0.0,0.0,0.0,2017 Q3
Hydro,2017,4,0.0,59505103.34,0.0,0.0,0.0,0.0,0.0,2017 Q4
Hydro,2018,1,0.0,76818718.59,0.0,0.0,0.0,0.0,0.0,2018 Q1
Hydro,2018,2,0.0,85201881.00000001,0.0,0.0,0.0,0.0,0.0,2018 Q2
Natural Gas,2001,1,1389461000.0,124720002.0,1161494000.0,63195492348.240005,64157866784.18048,514.4152161269247,1134.0797854734183,2001 Q1
Natural Gas,2001,2,1687792000.0,154380102.0,1471025000.0,79774118540.49,81024316827.04163,524.8365286547202,1157.0546110721962,2001 Q2
Natural Gas,2001,3,2263812000.0,211621085.0,2021206000.0,109579473705.23999,110840154754.42412,523.7670658121052,1154.6968732893672,2001 Q3
Natural Gas,2001,4,1586653000.0,148407925.0,1347520000.0,73187884818.06,73639577891.9042,496.19707230529775,1093.9160656042595,2001 Q4
Natural Gas,2002,1,1500855000.0,143935730.0,1276465000.0,68909883725.61,70448873837.19528,489.44674013321975,1079.0342832976962,2002 Q1
Natural Gas,2002,2,1721569000.0,165052668.0,1507328000.0,81204467230.47,83122574726.54782,503.6124270741738,1110.2639567277236,2002 Q2
Natural Gas,2002,3,2413390000.0,236555265.0,2186331000.0,117838609156.17,120418239976.67625,509.0490798278206,1122.2496013884133,2002 Q3
Natural Gas,2002,4,1499774000.0,145462092.0,1279450000.0,69182658696.23999,70679234208.18092,485.8945257585112,1071.2030714872137,2002 Q4
Natural Gas,2003,1,1415211000.0,140421350.0,1218904000.0,68538612639.36,69917496923.91704,497.9121545542543,1097.697135930309,2003 Q1
Natural Gas,2003,2,1516306000.0,149021297.0,1334517000.0,74234815760.19,75407332585.44925,506.0171539471251,1115.565417591832,2003 Q2
Natural Gas,2003,3,2149863000.0,219277912.0,1953751000.0,107784602787.84,109441447927.19604,499.0992796720722,1100.3142719650505,2003 Q3
Natural Gas,2003,4,1417164000.0,141186987.0,1228588000.0,68897513427.03,69991593014.10463,495.73685579184877,1092.90147227871,2003 Q4
Natural Gas,2004,1,1462042280.0,148374433.83999997,1198085680.0,64884482737.6068,66065990239.52146,445.26532320766205,981.6319315436118,2004 Q1
Natural Gas,2004,2,1741051900.0,178529465.41000003,1473773730.0,80035317037.84566,80992995185.1465,453.6673820153041,1000.1551103909395,2004 Q2
Natural Gas,2004,3,2157877520.0,224964703.99999997,1871002400.0,101087258442.17519,102073136112.93864,453.72955978435914,1000.2921875005982,2004 Q3
Natural Gas,2004,4,1551689250.0,158231413.41000003,1284608670.0,69836536163.26411,70560260162.66383,445.9307961803526,983.0990332592054,2004 Q4
Natural Gas,2005,1,1420716560.0,148147216.42000002,1173500470.0,62450140394.14264,63218767669.45828,426.7293655402336,940.767559269999,2005 Q1
Natural Gas,2005,2,1745944200.0,182477782.54000002,1497556280.0,79660872966.34795,80301533884.38419,440.06197777409807,970.1606362007767,2005 Q2
Natural Gas,2005,3,2544269610.0,270961547.37,2259031130.0,120144256461.99492,121113315926.45888,446.9760270488777,985.4033492319559,2005 Q3
Natural Gas,2005,4,1509589910.0,159373708.01,1282028700.0,68272365768.56611,68734201812.3832,431.27691932768755,950.7930963498201,2005 Q4
Natural Gas,2006,1,1390522600.0,146137652.05,1159985290.0,61563254326.43248,62314627017.425026,426.4104845211588,940.0645541753468,2006 Q1
Natural Gas,2006,2,1897281480.0,202736671.58999994,1662582950.0,88236423469.82703,88895759113.08612,438.4789313936381,966.6706521504146,2006 Q2
Natural Gas,2006,3,2642794820.0,287358528.33,2381696620.0,126430290522.31049,127752658907.51456,444.57583928326824,980.1118952838932,2006 Q3
Natural Gas,2006,4,1681901010.0,180207917.69000003,1439660780.0,76466248778.63283,77114537082.58817,427.9198054729387,943.3920031456407,2006 Q4
Natural Gas,2007,1,1605318390.0,175300424.22000003,1389093540.0,73730502004.98,74291277396.64435,423.79405370639404,934.2963708011164,2007 Q1
Natural Gas,2007,2,1906477910.0,208133998.92,1695404340.0,90091502084.64001,91232771308.5938,438.3367051130399,966.3571000922078,2007 Q2
Natural Gas,2007,3,2789422690.0,307352717.19000006,2548684200.0,135283713643.23001,136558977324.66586,444.3070442752829,979.5193098092888,2007 Q3
Natural Gas,2007,4,1880767820.0,205802651.14999995,1654532320.0,88034934612.18,88806003626.99628,431.510493819002,951.3080346733719,2007 Q4
Natural Gas,2008,1,1738244240.0,194812492.82999998,1531711560.0,81287935354.98,81740196618.3729,419.58395701913315,925.014791644381,2008 Q1
Natural Gas,2008,2,1910271440.0,209936521.79000002,1710964570.0,90800894400.06,91835510933.29855,437.44418622483335,964.3894529512677,2008 Q2
Natural Gas,2008,3,2480458530.0,279130401.57000005,2272296260.0,120590768833.53,122075967491.88654,437.3438608093445,964.168275540281,2008 Q3
Natural Gas,2008,4,1772011510.0,199101183.16,1572219380.0,83445676855.26,84075559851.25385,422.2755410935442,930.9486578948275,2008 Q4
Natural Gas,2009,1,1734951980.0,196731709.89,1533518180.0,81383815438.02,82011311655.52776,416.8687991446998,919.0289545944051,2009 Q1
Natural Gas,2009,2,1906442910.0,213509501.96000004,1709030160.0,90698234146.89,91533079380.03351,428.70728721563773,945.128085395595,2009 Q2
Natural Gas,2009,3,2665150660.0,303260004.50000006,2440189100.0,129500839835.67001,131116620908.22289,432.3571158827931,953.1744976752057,2009 Q3
Natural Gas,2009,4,1831839820.0,207477464.57,1618785030.0,85908924514.02,86640207171.13564,417.58851907458336,920.6156491518266,2009 Q4
Natural Gas,2010,1,1795480500.0,203799816.44,1585704520.0,84237761942.49,84773890480.62476,415.96647122389703,917.0396824602035,2010 Q1
Natural Gas,2010,2,2044419910.0,230574345.64999998,1847668810.0,98244643478.07,99713626361.32947,432.45759227997394,953.3960079404305,2010 Q2
Natural Gas,2010,3,2899193130.0,328778722.66,2677170600.0,142241325494.1,144258668220.06995,438.77130202629377,967.3152124471673,2010 Q3
Natural Gas,2010,4,1954788400.0,224538216.56,1742025230.0,92521395672.95999,94204645675.81851,419.5483829838187,924.9363651261268,2010 Q4
Natural Gas,2011,1,1814967490.0,206111451.23,1605471000.0,85739295440.13,87130032501.75882,422.73261374755117,931.9563202678513,2011 Q1
Natural Gas,2011,2,2114767460.0,235944726.32999992,1911272890.0,102293942430.51,103784930907.60703,439.8696784705841,969.7366931562498,2011 Q2
Natural Gas,2011,3,2919624520.0,331196126.34,2687198610.0,143496636534.21002,146060727534.8189,441.0097700988072,972.2501391598305,2011 Q3
Natural Gas,2011,4,2062932670.0,240365426.89999998,1847343580.0,98163649901.51999,99791949177.8641,415.16764896218154,915.2785989020255,2011 Q4
Natural Gas,2012,1,2317195400.0,273607642.72,2096172310.0,111265584822.09,113356982691.12953,414.3048840457095,913.3765473671713,2012 Q1
Natural Gas,2012,2,2777386520.0,317761675.56,2552274570.0,135443715341.48999,138244236923.5536,435.05635687476166,959.1252443660997,2012 Q2
Natural Gas,2012,3,3301897660.0,378592350.74000007,3060275250.0,162400896584.88,165475082456.31726,437.07983569366405,963.5862057702518,2012 Q3
Natural Gas,2012,4,2208142590.0,255870118.82999998,1986813480.0,105435952523.49,107016585276.789,418.24573250732254,922.0645418856433,2012 Q4
Natural Gas,2013,1,2169289520.0,253552180.95,1948184710.0,103623318015.69,105249178242.84024,415.0986903307102,915.1265727030838,2013 Q1
Natural Gas,2013,2,2281305200.0,261450793.83999997,2063950400.0,109762791654.93,111825412643.20096,427.7111230024979,942.9319417713069,2013 Q2
Natural Gas,2013,3,2975963740.0,343971453.89,2740365120.0,145662094571.7,148791820410.97168,432.57025758467273,953.6443898711696,2013 Q3
Natural Gas,2013,4,2291395260.0,265795279.35,2059870110.0,109528630734.72,111504807795.54782,419.51387574765,924.8602904732692,2013 Q4
Natural Gas,2014,1,2149365850.0,245140080.85,1914119020.0,101824758149.52,102733597255.18997,419.08119185965415,923.9063955737936,2014 Q1
Natural Gas,2014,2,2278038180.0,264351819.01000005,2069494030.0,110647061348.82,112781949224.18402,426.63579787933156,940.5612800047744,2014 Q2
Natural Gas,2014,3,2926754420.0,343990777.26,2702631910.0,143598966002.07,146911388522.2574,427.0794400142209,941.5393334553514,2014 Q3
Natural Gas,2014,4,2332227330.0,273058669.41,2108273670.0,112030354196.55,113941344977.14786,417.27788838692356,919.9308327378118,2014 Q4
Natural Gas,2015,1,2468204790.0,292414908.19,2228352570.0,121512625885.62,121851072041.83043,416.7060865537549,918.6702384164081,2015 Q1
Natural Gas,2015,2,2691410980.0,315794287.07000005,2463218470.0,132211031916.24,135483139243.25511,429.02340159568325,945.8249911578433,2015 Q2
Natural Gas,2015,3,3439157230.0,403232153.63,3186815450.0,170147804482.2,174843141125.97083,433.6041646282116,955.9237413393554,2015 Q3
Natural Gas,2015,4,2727124040.0,322012647.81,2481943040.0,133114910762.85,136549964817.86655,424.05155743583197,934.8640635230352,2015 Q4
Natural Gas,2016,1,2622400060.0,312480744.77,2323738300.0,123457767957.57,126199213688.70982,403.8623684848107,890.3549775616137,2016 Q1
Natural Gas,2016,2,2908825300.0,340695609.47999996,2622659860.0,139185192001.44,142767469325.79672,419.0469890225506,923.8309919991151,2016 Q2
Natural Gas,2016,3,3684251500.0,431909316.22,3371033080.0,179055112925.49,183430565644.7185,424.6969415942979,936.2868774387892,2016 Q3
Natural Gas,2016,4,2487903090.0,293198561.61999995,2197782110.0,116557774364.91,119465611918.32846,407.45633695557444,898.2782404522594,2016 Q4
Natural Gas,2017,1,2294878520.0,267184435.00000003,1993810100.0,124118498479.47,119730824487.94687,448.1205070495475,987.9264698414324,2017 Q1
Natural Gas,2017,2,2589773730.0,298801259.48,2307081910.0,145470964346.52,139570898907.61243,467.10277978916776,1029.7747883231993,2017 Q2
Natural Gas,2017,3,3419049860.0,400417700.24,3118214760.0,198998531710.65002,188430083925.7997,470.5838023964964,1037.449050763316,2017 Q3
Natural Gas,2017,4,2627581480.0,304541954.16999996,2322151560.0,146621527359.66,140057923001.8848,459.89697341898034,1013.8888675994841,2017 Q4
Natural Gas,2018,1,2639257810.0,309762207.34,2325229170.0,135385577050.35,132451355813.91916,427.59043122564793,942.6658646800635,2018 Q1
Natural Gas,2018,2,2939989970.0,345362815.78000003,2644387920.0,157506790100.64,152647009976.84283,441.9902867426257,974.4117861527926,2018 Q2
Nuclear,2001,1,0.0,192120196.0,0.0,0.0,0.0,0.0,0.0,2001 Q1
Nuclear,2001,2,0.0,185538569.0,0.0,0.0,0.0,0.0,0.0,2001 Q2
Nuclear,2001,3,0.0,200933987.0,0.0,0.0,0.0,0.0,0.0,2001 Q3
Nuclear,2001,4,0.0,190233556.0,0.0,0.0,0.0,0.0,0.0,2001 Q4
Nuclear,2002,1,0.0,195624784.0,0.0,0.0,0.0,0.0,0.0,2002 Q1
Nuclear,2002,2,0.0,187841150.0,0.0,0.0,0.0,0.0,0.0,2002 Q2
Nuclear,2002,3,0.0,205679305.0,0.0,0.0,0.0,0.0,0.0,2002 Q3
Nuclear,2002,4,0.0,190918848.0,0.0,0.0,0.0,0.0,0.0,2002 Q4
Nuclear,2003,1,0.0,190086214.0,0.0,0.0,0.0,0.0,0.0,2003 Q1
Nuclear,2003,2,0.0,183158278.0,0.0,0.0,0.0,0.0,0.0,2003 Q2
Nuclear,2003,3,0.0,202260277.0,0.0,0.0,0.0,0.0,0.0,2003 Q3
Nuclear,2003,4,0.0,188227926.0,0.0,0.0,0.0,0.0,0.0,2003 Q4
Nuclear,2004,1,0.0,198193225.0,0.0,0.0,0.0,0.0,0.0,2004 Q1
Nuclear,2004,2,0.0,191271740.0,0.0,0.0,0.0,0.0,0.0,2004 Q2
Nuclear,2004,3,0.0,208975580.0,0.0,0.0,0.0,0.0,0.0,2004 Q3
Nuclear,2004,4,0.0,190087842.0,0.0,0.0,0.0,0.0,0.0,2004 Q4
Nuclear,2005,1,0.0,192313703.0,0.0,0.0,0.0,0.0,0.0,2005 Q1
Nuclear,2005,2,0.0,184598749.0,0.0,0.0,0.0,0.0,0.0,2005 Q2
Nuclear,2005,3,0.0,209190540.0,0.0,0.0,0.0,0.0,0.0,2005 Q3
Nuclear,2005,4,0.0,195883373.0,0.0,0.0,0.0,0.0,0.0,2005 Q4
Nuclear,2006,1,0.0,198248035.0,0.0,0.0,0.0,0.0,0.0,2006 Q1
Nuclear,2006,2,0.0,188734377.0,0.0,0.0,0.0,0.0,0.0,2006 Q2
Nuclear,2006,3,0.0,210844916.0,0.0,0.0,0.0,0.0,0.0,2006 Q3
Nuclear,2006,4,0.0,189391308.0,0.0,0.0,0.0,0.0,0.0,2006 Q4
Nuclear,2007,1,0.0,203536131.0,0.0,0.0,0.0,0.0,0.0,2007 Q1
Nuclear,2007,2,0.0,191249053.0,0.0,0.0,0.0,0.0,0.0,2007 Q2
Nuclear,2007,3,0.0,213068023.0,0.0,0.0,0.0,0.0,0.0,2007 Q3
Nuclear,2007,4,0.0,198571546.0,0.0,0.0,0.0,0.0,0.0,2007 Q4
Nuclear,2008,1,0.0,200581423.0,0.0,0.0,0.0,0.0,0.0,2008 Q1
Nuclear,2008,2,0.0,192477983.0,0.0,0.0,0.0,0.0,0.0,2008 Q2
Nuclear,2008,3,0.0,213989203.0,0.0,0.0,0.0,0.0,0.0,2008 Q3
Nuclear,2008,4,0.0,199159826.0,0.0,0.0,0.0,0.0,0.0,2008 Q4
Nuclear,2009,1,0.0,205570267.0,0.0,0.0,0.0,0.0,0.0,2009 Q1
Nuclear,2009,2,0.0,194538595.0,0.0,0.0,0.0,0.0,0.0,2009 Q2
Nuclear,2009,3,0.0,210945370.0,0.0,0.0,0.0,0.0,0.0,2009 Q3
Nuclear,2009,4,0.0,187800353.0,0.0,0.0,0.0,0.0,0.0,2009 Q4
Nuclear,2010,1,0.0,202449432.0,0.0,0.0,0.0,0.0,0.0,2010 Q1
Nuclear,2010,2,0.0,192570759.56,0.0,0.0,0.0,0.0,0.0,2010 Q2
Nuclear,2010,3,0.0,212858766.0,0.0,0.0,0.0,0.0,0.0,2010 Q3
Nuclear,2010,4,0.0,199089343.0,0.0,0.0,0.0,0.0,0.0,2010 Q4
Nuclear,2011,1,0.0,203193489.0,0.0,0.0,0.0,0.0,0.0,2011 Q1
Nuclear,2011,2,0.0,176830386.0,0.0,0.0,0.0,0.0,0.0,2011 Q2
Nuclear,2011,3,0.0,210532270.0,0.0,0.0,0.0,0.0,0.0,2011 Q3
Nuclear,2011,4,0.0,199648222.0,0.0,0.0,0.0,0.0,0.0,2011 Q4
Nuclear,2012,1,0.0,197956822.0,0.0,0.0,0.0,0.0,0.0,2012 Q1
Nuclear,2012,2,0.0,183092461.0,0.0,0.0,0.0,0.0,0.0,2012 Q2
Nuclear,2012,3,0.0,203242322.0,0.0,0.0,0.0,0.0,0.0,2012 Q3
Nuclear,2012,4,0.0,185039644.0,0.0,0.0,0.0,0.0,0.0,2012 Q4
Nuclear,2013,1,0.0,195836591.0,0.0,0.0,0.0,0.0,0.0,2013 Q1
Nuclear,2013,2,0.0,186044727.0,0.0,0.0,0.0,0.0,0.0,2013 Q2
Nuclear,2013,3,0.0,207682588.0,0.0,0.0,0.0,0.0,0.0,2013 Q3
Nuclear,2013,4,0.0,199452567.0,0.0,0.0,0.0,0.0,0.0,2013 Q4
Nuclear,2014,1,0.0,198198639.0,0.0,0.0,0.0,0.0,0.0,2014 Q1
Nuclear,2014,2,0.0,187470250.0,0.0,0.0,0.0,0.0,0.0,2014 Q2
Nuclear,2014,3,0.0,210603372.0,0.0,0.0,0.0,0.0,0.0,2014 Q3
Nuclear,2014,4,0.0,200893721.0,0.0,0.0,0.0,0.0,0.0,2014 Q4
Nuclear,2015,1,0.0,202278266.0,0.0,0.0,0.0,0.0,0.0,2015 Q1
Nuclear,2015,2,0.0,194127185.0,0.0,0.0,0.0,0.0,0.0,2015 Q2
Nuclear,2015,3,0.0,210303900.0,0.0,0.0,0.0,0.0,0.0,2015 Q3
Nuclear,2015,4,0.0,190468526.0,0.0,0.0,0.0,0.0,0.0,2015 Q4
Nuclear,2016,1,0.0,204311810.0,0.0,0.0,0.0,0.0,0.0,2016 Q1
Nuclear,2016,2,0.0,196483662.0,0.0,0.0,0.0,0.0,0.0,2016 Q2
Nuclear,2016,3,0.0,207323928.0,0.0,0.0,0.0,0.0,0.0,2016 Q3
Nuclear,2016,4,0.0,197574548.0,0.0,0.0,0.0,0.0,0.0,2016 Q4
Nuclear,2017,1,0.0,201774183.0,0.0,0.0,0.0,0.0,0.0,2017 Q1
Nuclear,2017,2,0.0,185066887.0,0.0,0.0,0.0,0.0,0.0,2017 Q2
Nuclear,2017,3,0.0,211796355.0,0.0,0.0,0.0,0.0,0.0,2017 Q3
Nuclear,2017,4,0.0,206312210.0,0.0,0.0,0.0,0.0,0.0,2017 Q4
Nuclear,2018,1,0.0,206471726.0,0.0,0.0,0.0,0.0,0.0,2018 Q1
Nuclear,2018,2,0.0,196094805.0,0.0,0.0,0.0,0.0,0.0,2018 Q2
Other,2001,1,471658000.0,43066232.019999996,437049000.0,33431827889.199997,33938936226.628296,788.0637482022347,1737.3653392866468,2001 Q1
Other,2001,2,385608000.0,36013761.92,358943000.0,27270442728.05,27698490642.814133,769.1085064743531,1695.576613373359,2001 Q2
Other,2001,3,373694000.0,35557502.04,348278000.0,26451785567.375,26756886691.884186,752.4962428964874,1658.9532170895961,2001 Q3
Other,2001,4,227301000.0,22241857.049999997,200777000.0,15309267487.675,15405809461.033794,692.649423400273,1527.014918828242,2001 Q4
Other,2002,1,241884000.0,24099867.46,219435000.0,16033033328.699997,16390687067.077126,680.1152369108144,1499.3820512935815,2002 Q1
Other,2002,2,274061000.0,27729878.68,252940000.0,18571582969.125,19014461550.22061,685.7030198236919,1511.7008775033112,2002 Q2
Other,2002,3,318286000.0,32142355.189999998,297216000.0,21546225200.574997,22019506157.775543,685.0620008276857,1510.287687024716,2002 Q3
Other,2002,4,267524000.0,26579991.27,241029000.0,17424837413.5,17801476570.76615,669.7322203735303,1476.491653035485,2002 Q4
Other,2003,1,384872000.0,37951402.72,356923000.0,26832327789.475,27373931897.455612,721.2890680066967,1590.1538793275636,2003 Q1
Other,2003,2,318880000.0,32736157.25,292836000.0,22159365399.449997,22501326571.213825,687.3539370969946,1515.3404897240343,2003 Q2
Other,2003,3,379187000.0,39049198.54,352896000.0,26952416611.7,27369478262.738075,700.8973112393634,1545.1982123583007,2003 Q3
Other,2003,4,288549000.0,30704206.18,262190000.0,20208262914.0,20527709893.687263,668.5634461072156,1473.9149732879675,2003 Q4
Other,2004,1,399326150.0,39414136.650000006,354684140.0,26639897400.129013,27132685583.77389,688.3998455862127,1517.6462995793645,2004 Q1
Other,2004,2,345047330.0,35593739.06,312099890.0,23264742912.510742,23542178629.17111,661.4134746980726,1458.152146319371,2004 Q2
Other,2004,3,363983410.0,37093509.05,331392590.0,24846000451.849773,25090766990.3843,676.4193421701715,1491.23408174836,2004 Q3
Other,2004,4,293023470.0,30003806.919999998,249052730.0,18616554967.333004,18814634439.41056,627.074907180164,1382.4493403693896,2004 Q4
Other,2005,1,324124390.0,32764520.02,284177860.0,21526558908.385246,21798125166.09487,665.2966426118539,1466.7129783020932,2005 Q1
Other,2005,2,283667260.0,29769604.65,253197040.0,19106089238.56375,19260303977.455345,646.9788297123168,1426.3295279837737,2005 Q2
Other,2005,3,454485250.0,44808922.260000005,416861100.0,31418364570.111984,31671381789.89878,706.8097198617777,1558.2327084072751,2005 Q3
Other,2005,4,351674990.0,34383342.39,311803300.0,23663741020.136524,23816995674.426918,692.6899486465812,1527.104260786253,2005 Q4
Other,2006,1,191833230.0,20323396.17,154632610.0,11472529283.827,11620064814.385937,571.7580229793816,1260.4977374603448,2006 Q1
Other,2006,2,180743180.0,20317851.86,152574640.0,11183543578.334,11265752118.398937,554.4755516491367,1222.3968011656868,2006 Q2
Other,2006,3,238301040.0,24994275.669999994,210275520.0,15571901600.760496,15731365517.79454,629.398736154475,1387.5724537261558,2006 Q3
Other,2006,4,180971770.0,19042788.320000004,149060300.0,10987824076.71775,11082208156.675224,581.9635218565104,1282.9967802848628,2006 Q4
Other,2007,1,250476290.0,25143191.740000002,210247820.0,15411674820.55,15520590422.285192,617.2879952068166,1360.873114232948,2007 Q1
Other,2007,2,192703440.0,20797345.490000002,162794430.0,11741814199.65,11888224800.311272,571.6222200582038,1260.198346340316,2007 Q2
Other,2007,3,209374820.0,22089586.410000004,183207040.0,13271542655.974998,13396448385.992493,606.4599009390186,1337.0014976101604,2007 Q3
Other,2007,4,149659940.0,16421736.650000002,125164430.0,8925879840.300001,9002630381.211039,548.214270700233,1208.5931811857338,2007 Q4
Other,2008,1,139116130.0,15518638.939999998,118278200.0,8514222099.249999,8561867690.557991,551.7151164906213,1216.3111458152239,2008 Q1
Other,2008,2,140793610.0,16963858.560000002,124101730.0,8897360390.575,8998509359.622698,530.4518030373566,1169.4340449761564,2008 Q2
Other,2008,3,144187790.0,16408818.910000004,128316340.0,9188333902.175,9300547836.461231,566.8017843010755,1249.571213670151,2008 Q3
Other,2008,4,132830590.0,14501458.930000002,113650170.0,8498248972.899999,8555642729.726023,589.9849643422065,1300.6808523888285,2008 Q4
Other,2009,1,156472600.0,16751724.349999998,132905830.0,9923633344.05,9985135933.321646,596.0661556206688,1314.0874466813266,2009 Q1
Other,2009,2,114764660.0,13869058.759999998,95561800.0,7116016232.775,7181415130.333107,517.8011900162364,1141.5445035097948,2009 Q2
Other,2009,3,119748790.0,14475824.66,101706380.0,7276035755.199999,7366314813.683162,508.8701325623242,1121.8550942469,2009 Q3
Other,2009,4,90394380.0,11737504.629999999,72320260.0,4856558107.949999,4897902357.484079,417.2865112202371,919.9498426361348,2009 Q4
Other,2010,1,112383170.0,13618668.48,95816750.0,6941185574.174999,6981350480.55475,512.6309147481905,1130.1461146538609,2010 Q1
Other,2010,2,107968280.0,14055546.12,94515410.0,6635228022.525,6737108500.768841,479.32029415651346,1056.7095204974496,2010 Q2
Other,2010,3,126623550.0,15499405.309999997,112679770.0,8087658871.450001,8201900267.315474,529.175158870368,1166.6195552456134,2010 Q3
Other,2010,4,96854730.0,12354532.55,80271300.0,5644758053.5,5741443520.6149845,464.7236548512703,1024.5297694851106,2010 Q4
Other,2011,1,103736680.0,13124141.709999999,88429840.0,6911118016.475,7021785744.14747,535.0281869325739,1179.5231409115524,2011 Q1
Other,2011,2,88134710.0,12301932.08,74834580.0,5595905173.674999,5674698217.630178,461.2851201524581,1016.9491758881092,2011 Q2
Other,2011,3,95163940.0,12946030.36,82422460.0,6065150624.275,6174049250.793969,476.9067489498742,1051.3886187348928,2011 Q3
Other,2011,4,74167610.0,10943837.24,60788030.0,4132212025.2749996,4200814063.615675,383.8520229688353,846.2401698370943,2011 Q4
Other,2012,1,77217540.0,11530150.64,61000980.0,3880682880.674999,3950405636.2429404,342.61526666775103,755.3296168957239,2012 Q1
Other,2012,2,67696450.0,10623061.91,55900510.0,3292862277.1249995,3362377394.171303,316.5167842057039,697.7929024598949,2012 Q2
Other,2012,3,79405020.0,11245098.07,65179090.0,4179713153.625,4258836430.3921843,378.7282604278954,834.9443229393382,2012 Q3
Other,2012,4,72138230.0,10454570.930000002,57674000.0,3632509479.95,3685522120.4436283,352.52734379254224,777.1817821250387,2012 Q4
Other,2013,1,85579950.0,11936433.83,69262240.0,4452024696.924999,4522205752.899262,378.8573553294906,835.228925559395,2013 Q1
Other,2013,2,82332580.0,12060102.41,67860360.0,4494117712.2,4579663832.864988,379.73672836041766,837.1675913433768,2013 Q2
Other,2013,3,91086270.0,13174678.990000002,75942490.0,5118789459.4,5228769895.9365835,396.8802503579317,874.9621999390962,2013 Q3
Other,2013,4,79718170.0,11693010.43,64141510.0,4049933690.2250004,4122419549.787554,352.5541668218245,777.2409161753943,2013 Q4
Other,2014,1,151191460.0,17581114.189999998,134951050.0,9825998129.375,9907763548.323112,563.5458277131589,1242.3931317764302,2014 Q1
Other,2014,2,71985550.0,10195543.04,58892400.0,3899784617.6499996,3975030425.556198,389.8792256538989,859.5277408765855,2014 Q2
Other,2014,3,75564280.0,11004315.16,62600270.0,3990048767.4750004,4082024334.3694882,370.94760328270064,817.7910861970419,2014 Q3
Other,2014,4,68099900.0,10683955.49,55842580.0,3354681544.8999996,3409975675.875616,319.16790359781027,703.6375602717326,2014 Q4
Other,2015,1,128346720.0,16155640.320000002,112403490.0,7989442290.775,7975738901.559723,493.68138579354815,1088.3699831204563,2015 Q1
Other,2015,2,68244090.0,11205159.840000002,55705810.0,3427108268.2,3511582411.771921,313.3897652433596,690.8990764555106,2015 Q2
Other,2015,3,76805920.0,12202056.57,65437550.0,4244551706.625,4361129792.292832,357.40940613364427,787.9447767622322,2015 Q3
Other,2015,4,64435880.0,10715453.65,52699970.0,3314607690.5,3399722150.8971004,317.27281568681883,699.4596494631609,2015 Q4
Other,2016,1,78178690.0,12014944.080000002,66140280.0,4721790072.375,4824543263.049088,401.54521160693463,885.2465735086481,2016 Q1
Other,2016,2,70871950.0,11217089.069999998,59663810.0,4272353605.7999997,4382130588.990262,390.66557835492546,861.2613340412687,2016 Q2
Other,2016,3,80723730.0,10983016.57,69775660.0,5065945869.375,5189731335.398378,472.5233092676995,1041.7248876115705,2016 Q3
Other,2016,4,67585180.0,9864296.1,56153120.0,3891951677.475,3988288109.0129576,404.3155303309435,891.354018167598,2016 Q4
Other,2017,1,63591910.0,10486886.26,54941090.0,4721178985.875,4557008671.193922,434.5435392558479,957.9946866434424,2017 Q1
Other,2017,2,60531730.0,10189620.94,51645600.0,4289937333.0,4116516642.90208,403.9911462007811,890.638880914242,2017 Q2
Other,2017,3,61807560.0,10195268.75,53527770.0,4530435210.125,4288805247.8999596,420.6662279402845,927.4007661171513,2017 Q3
Other,2017,4,67316620.0,10483252.649999999,57678470.0,4728689417.975,4518378156.832335,431.0091827112777,950.2028442052828,2017 Q4
Other,2018,1,95286520.0,13620263.440000001,85928550.0,7028697360.9,6852878248.295048,503.13845091788085,1109.21902889356,2018 Q1
Other,2018,2,56983980.0,9690686.440000001,49144890.0,3866860939.4,3748459998.5133257,386.8105754656246,852.762594671516,2018 Q2
Other Renewables,2001,1,0.0,15727313.02,0.0,0.0,0.0,0.0,0.0,2001 Q1
Other Renewables,2001,2,0.0,15328917.119999997,0.0,0.0,0.0,0.0,0.0,2001 Q2
Other Renewables,2001,3,0.0,16362885.99,0.0,0.0,0.0,0.0,0.0,2001 Q3
Other Renewables,2001,4,0.0,16069441.989999998,0.0,0.0,0.0,0.0,0.0,2001 Q4
Other Renewables,2002,1,0.0,16296085.55,0.0,0.0,0.0,0.0,0.0,2002 Q1
Other Renewables,2002,2,0.0,16940808.34,0.0,0.0,0.0,0.0,0.0,2002 Q2
Other Renewables,2002,3,0.0,17866361.810000002,0.0,0.0,0.0,0.0,0.0,2002 Q3
Other Renewables,2002,4,0.0,17096804.75,0.0,0.0,0.0,0.0,0.0,2002 Q4
Other Renewables,2003,1,0.0,16685896.3,0.0,0.0,0.0,0.0,0.0,2003 Q1
Other Renewables,2003,2,0.0,16459269.780000001,0.0,0.0,0.0,0.0,0.0,2003 Q2
Other Renewables,2003,3,0.0,17491963.47,0.0,0.0,0.0,0.0,0.0,2003 Q3
Other Renewables,2003,4,0.0,17128209.83,0.0,0.0,0.0,0.0,0.0,2003 Q4
Other Renewables,2004,1,0.0,16988864.03,0.0,0.0,0.0,0.0,0.0,2004 Q1
Other Renewables,2004,2,0.0,16712501.810000002,0.0,0.0,0.0,0.0,0.0,2004 Q2
Other Renewables,2004,3,0.0,17469973.74,0.0,0.0,0.0,0.0,0.0,2004 Q3
Other Renewables,2004,4,0.0,17177088.009999998,0.0,0.0,0.0,0.0,0.0,2004 Q4
Other Renewables,2005,1,0.0,16875182.270000003,0.0,0.0,0.0,0.0,0.0,2005 Q1
Other Renewables,2005,2,0.0,16912075.48,0.0,0.0,0.0,0.0,0.0,2005 Q2
Other Renewables,2005,3,0.0,17858043.509999998,0.0,0.0,0.0,0.0,0.0,2005 Q3
Other Renewables,2005,4,0.0,17323253.619999997,0.0,0.0,0.0,0.0,0.0,2005 Q4
Other Renewables,2006,1,0.0,17278959.830000002,0.0,0.0,0.0,0.0,0.0,2006 Q1
Other Renewables,2006,2,0.0,16503346.799999997,0.0,0.0,0.0,0.0,0.0,2006 Q2
Other Renewables,2006,3,0.0,18047747.18,0.0,0.0,0.0,0.0,0.0,2006 Q3
Other Renewables,2006,4,0.0,17598596.06,0.0,0.0,0.0,0.0,0.0,2006 Q4
Other Renewables,2007,1,0.0,17223162.77,0.0,0.0,0.0,0.0,0.0,2007 Q1
Other Renewables,2007,2,0.0,16895344.14,0.0,0.0,0.0,0.0,0.0,2007 Q2
Other Renewables,2007,3,0.0,18154918.51,0.0,0.0,0.0,0.0,0.0,2007 Q3
Other Renewables,2007,4,0.0,17902365.979999997,0.0,0.0,0.0,0.0,0.0,2007 Q4
Other Renewables,2008,1,0.0,17260923.240000002,0.0,0.0,0.0,0.0,0.0,2008 Q1
Other Renewables,2008,2,0.0,17188676.049999997,0.0,0.0,0.0,0.0,0.0,2008 Q2
Other Renewables,2008,3,0.0,18078093.540000003,0.0,0.0,0.0,0.0,0.0,2008 Q3
Other Renewables,2008,4,0.0,17345895.73,0.0,0.0,0.0,0.0,0.0,2008 Q4
Other Renewables,2009,1,0.0,16901771.720000003,0.0,0.0,0.0,0.0,0.0,2009 Q1
Other Renewables,2009,2,0.0,16685541.24,0.0,0.0,0.0,0.0,0.0,2009 Q2
Other Renewables,2009,3,0.0,18099847.009999998,0.0,0.0,0.0,0.0,0.0,2009 Q3
Other Renewables,2009,4,0.0,17814232.76,0.0,0.0,0.0,0.0,0.0,2009 Q4
Other Renewables,2010,1,0.0,17365152.41,0.0,0.0,0.0,0.0,0.0,2010 Q1
Other Renewables,2010,2,0.0,17494765.320000004,0.0,0.0,0.0,0.0,0.0,2010 Q2
Other Renewables,2010,3,0.0,18464020.060000002,0.0,0.0,0.0,0.0,0.0,2010 Q3
Other Renewables,2010,4,0.0,17984642.259999998,0.0,0.0,0.0,0.0,0.0,2010 Q4
Other Renewables,2011,1,0.0,17713481.69,0.0,0.0,0.0,0.0,0.0,2011 Q1
Other Renewables,2011,2,0.0,17290918.59,0.0,0.0,0.0,0.0,0.0,2011 Q2
Other Renewables,2011,3,0.0,18664594.04,0.0,0.0,0.0,0.0,0.0,2011 Q3
Other Renewables,2011,4,0.0,18317904.150000002,0.0,0.0,0.0,0.0,0.0,2011 Q4
Other Renewables,2012,1,0.0,17929444.6,0.0,0.0,0.0,0.0,0.0,2012 Q1
Other Renewables,2012,2,0.0,17400633.06,0.0,0.0,0.0,0.0,0.0,2012 Q2
Other Renewables,2012,3,0.0,18946922.18,0.0,0.0,0.0,0.0,0.0,2012 Q3
Other Renewables,2012,4,0.0,18898182.18,0.0,0.0,0.0,0.0,0.0,2012 Q4
Other Renewables,2013,1,0.0,18727191.89,0.0,0.0,0.0,0.0,0.0,2013 Q1
Other Renewables,2013,2,0.0,18416126.779999997,0.0,0.0,0.0,0.0,0.0,2013 Q2
Other Renewables,2013,3,0.0,19842732.490000002,0.0,0.0,0.0,0.0,0.0,2013 Q3
Other Renewables,2013,4,0.0,19646650.04,0.0,0.0,0.0,0.0,0.0,2013 Q4
Other Renewables,2014,1,0.0,19784534.37,0.0,0.0,0.0,0.0,0.0,2014 Q1
Other Renewables,2014,2,0.0,19565131.71,0.0,0.0,0.0,0.0,0.0,2014 Q2
Other Renewables,2014,3,0.0,20580226.650000002,0.0,0.0,0.0,0.0,0.0,2014 Q3
Other Renewables,2014,4,0.0,19931877.799999997,0.0,0.0,0.0,0.0,0.0,2014 Q4
Other Renewables,2015,1,0.0,19521810.44,0.0,0.0,0.0,0.0,0.0,2015 Q1
Other Renewables,2015,2,0.0,19351594.22,0.0,0.0,0.0,0.0,0.0,2015 Q2
Other Renewables,2015,3,0.0,20650090.810000002,0.0,0.0,0.0,0.0,0.0,2015 Q3
Other Renewables,2015,4,0.0,19989978.77,0.0,0.0,0.0,0.0,0.0,2015 Q4
Other Renewables,2016,1,0.0,19599002.470000003,0.0,0.0,0.0,0.0,0.0,2016 Q1
Other Renewables,2016,2,0.0,18871160.64,0.0,0.0,0.0,0.0,0.0,2016 Q2
Other Renewables,2016,3,0.0,20193989.75,0.0,0.0,0.0,0.0,0.0,2016 Q3
Other Renewables,2016,4,0.0,19869341.279999997,0.0,0.0,0.0,0.0,0.0,2016 Q4
Other Renewables,2017,1,0.0,19901616.03,0.0,0.0,0.0,0.0,0.0,2017 Q1
Other Renewables,2017,2,0.0,19341343.45,0.0,0.0,0.0,0.0,0.0,2017 Q2
Other Renewables,2017,3,0.0,20375956.56,0.0,0.0,0.0,0.0,0.0,2017 Q3
Other Renewables,2017,4,0.0,20049532.47,0.0,0.0,0.0,0.0,0.0,2017 Q4
Other Renewables,2018,1,0.0,20171131.840000004,0.0,0.0,0.0,0.0,0.0,2018 Q1
Other Renewables,2018,2,0.0,19362250.28,0.0,0.0,0.0,0.0,0.0,2018 Q2
Solar,2001,1,0.0,50566.0,0.0,0.0,0.0,0.0,0.0,2001 Q1
Solar,2001,2,0.0,210955.0,0.0,0.0,0.0,0.0,0.0,2001 Q2
Solar,2001,3,0.0,242096.0,0.0,0.0,0.0,0.0,0.0,2001 Q3
Solar,2001,4,0.0,39138.0,0.0,0.0,0.0,0.0,0.0,2001 Q4
Solar,2002,1,0.0,79282.0,0.0,0.0,0.0,0.0,0.0,2002 Q1
Solar,2002,2,0.0,199041.0,0.0,0.0,0.0,0.0,0.0,2002 Q2
Solar,2002,3,0.0,213070.0,0.0,0.0,0.0,0.0,0.0,2002 Q3
Solar,2002,4,0.0,63438.0,0.0,0.0,0.0,0.0,0.0,2002 Q4
Solar,2003,1,0.0,81074.37,0.0,0.0,0.0,0.0,0.0,2003 Q1
Solar,2003,2,0.0,218953.0,0.0,0.0,0.0,0.0,0.0,2003 Q2
Solar,2003,3,0.0,180256.0,0.0,0.0,0.0,0.0,0.0,2003 Q3
Solar,2003,4,0.0,53718.0,0.0,0.0,0.0,0.0,0.0,2003 Q4
Solar,2004,1,0.0,76400.75,0.0,0.0,0.0,0.0,0.0,2004 Q1
Solar,2004,2,0.0,226553.62,0.0,0.0,0.0,0.0,0.0,2004 Q2
Solar,2004,3,0.0,215580.22,0.0,0.0,0.0,0.0,0.0,2004 Q3
Solar,2004,4,0.0,56620.42,0.0,0.0,0.0,0.0,0.0,2004 Q4
Solar,2005,1,0.0,59906.17,0.0,0.0,0.0,0.0,0.0,2005 Q1
Solar,2005,2,0.0,227892.21000000002,0.0,0.0,0.0,0.0,0.0,2005 Q2
Solar,2005,3,0.0,209282.19,0.0,0.0,0.0,0.0,0.0,2005 Q3
Solar,2005,4,0.0,53213.770000000004,0.0,0.0,0.0,0.0,0.0,2005 Q4
Solar,2006,1,0.0,65871.98999999999,0.0,0.0,0.0,0.0,0.0,2006 Q1
Solar,2006,2,0.0,192511.51,0.0,0.0,0.0,0.0,0.0,2006 Q2
Solar,2006,3,0.0,198639.29,0.0,0.0,0.0,0.0,0.0,2006 Q3
Solar,2006,4,0.0,50683.22,0.0,0.0,0.0,0.0,0.0,2006 Q4
Solar,2007,1,0.0,80574.04999999999,0.0,0.0,0.0,0.0,0.0,2007 Q1
Solar,2007,2,0.0,223114.38,0.0,0.0,0.0,0.0,0.0,2007 Q2
Solar,2007,3,0.0,229168.60000000003,0.0,0.0,0.0,0.0,0.0,2007 Q3
Solar,2007,4,0.0,78935.98999999999,0.0,0.0,0.0,0.0,0.0,2007 Q4
Solar,2008,1,0.0,126730.54000000001,0.0,0.0,0.0,0.0,0.0,2008 Q1
Solar,2008,2,0.0,321048.59,0.0,0.0,0.0,0.0,0.0,2008 Q2
Solar,2008,3,0.0,308757.08999999997,0.0,0.0,0.0,0.0,0.0,2008 Q3
Solar,2008,4,0.0,107778.58,0.0,0.0,0.0,0.0,0.0,2008 Q4
Solar,2009,1,0.0,115740.81,0.0,0.0,0.0,0.0,0.0,2009 Q1
Solar,2009,2,0.0,313253.30000000005,0.0,0.0,0.0,0.0,0.0,2009 Q2
Solar,2009,3,0.0,332472.95999999996,0.0,0.0,0.0,0.0,0.0,2009 Q3
Solar,2009,4,0.0,129712.45999999999,0.0,0.0,0.0,0.0,0.0,2009 Q4
Solar,2010,1,0.0,118689.48,0.0,0.0,0.0,0.0,0.0,2010 Q1
Solar,2010,2,0.0,441504.30000000005,0.0,0.0,0.0,0.0,0.0,2010 Q2
Solar,2010,3,0.0,455355.4,0.0,0.0,0.0,0.0,0.0,2010 Q3
Solar,2010,4,0.0,196632.48000000004,0.0,0.0,0.0,0.0,0.0,2010 Q4
Solar,2011,1,0.0,247379.77000000002,0.0,0.0,0.0,0.0,0.0,2011 Q1
Solar,2011,2,0.0,577448.48,0.0,0.0,0.0,0.0,0.0,2011 Q2
Solar,2011,3,0.0,605984.14,0.0,0.0,0.0,0.0,0.0,2011 Q3
Solar,2011,4,0.0,386883.4,0.0,0.0,0.0,0.0,0.0,2011 Q4
Solar,2012,1,0.0,461491.72999999986,0.0,0.0,0.0,0.0,0.0,2012 Q1
Solar,2012,2,0.0,1304299.1400000001,0.0,0.0,0.0,0.0,0.0,2012 Q2
Solar,2012,3,0.0,1422954.55,0.0,0.0,0.0,0.0,0.0,2012 Q3
Solar,2012,4,0.0,1120027.6400000001,0.0,0.0,0.0,0.0,0.0,2012 Q4
Solar,2013,1,0.0,1361865.54,0.0,0.0,0.0,0.0,0.0,2013 Q1
Solar,2013,2,0.0,2290130.35,0.0,0.0,0.0,0.0,0.0,2013 Q2
Solar,2013,3,0.0,2721717.6800000006,0.0,0.0,0.0,0.0,0.0,2013 Q3
Solar,2013,4,0.0,2661906.95,0.0,0.0,0.0,0.0,0.0,2013 Q4
Solar,2014,1,0.0,5091480.79,0.0,0.0,0.0,0.0,0.0,2014 Q1
Solar,2014,2,0.0,8332216.209999999,0.0,0.0,0.0,0.0,0.0,2014 Q2
Solar,2014,3,0.0,8824695.049999999,0.0,0.0,0.0,0.0,0.0,2014 Q3
Solar,2014,4,0.0,6644781.520000001,0.0,0.0,0.0,0.0,0.0,2014 Q4
Solar,2015,1,0.0,7377930.24,0.0,0.0,0.0,0.0,0.0,2015 Q1
Solar,2015,2,0.0,11467357.309999999,0.0,0.0,0.0,0.0,0.0,2015 Q2
Solar,2015,3,0.0,11779227.32,0.0,0.0,0.0,0.0,0.0,2015 Q3
Solar,2015,4,0.0,8274850.55,0.0,0.0,0.0,0.0,0.0,2015 Q4
Solar,2016,1,0.0,9972423.079999998,0.0,0.0,0.0,0.0,0.0,2016 Q1
Solar,2016,2,0.0,15221929.600000001,0.0,0.0,0.0,0.0,0.0,2016 Q2
Solar,2016,3,0.0,17163262.54,0.0,0.0,0.0,0.0,0.0,2016 Q3
Solar,2016,4,0.0,12306929.89,0.0,0.0,0.0,0.0,0.0,2016 Q4
Solar,2017,1,0.0,13627415.869999997,0.0,0.0,0.0,0.0,0.0,2017 Q1
Solar,2017,2,0.0,23871870.06,0.0,0.0,0.0,0.0,0.0,2017 Q2
Solar,2017,3,0.0,23312119.15,0.0,0.0,0.0,0.0,0.0,2017 Q3
Solar,2017,4,0.0,15954262.49,0.0,0.0,0.0,0.0,0.0,2017 Q4
Solar,2018,1,0.0,18114610.53,0.0,0.0,0.0,0.0,0.0,2018 Q1
Solar,2018,2,0.0,29638459.589999996,0.0,0.0,0.0,0.0,0.0,2018 Q2
Wind,2001,1,0.0,1352612.0,0.0,0.0,0.0,0.0,0.0,2001 Q1
Wind,2001,2,0.0,1989359.0,0.0,0.0,0.0,0.0,0.0,2001 Q2
Wind,2001,3,0.0,1702427.0,0.0,0.0,0.0,0.0,0.0,2001 Q3
Wind,2001,4,0.0,1692934.0,0.0,0.0,0.0,0.0,0.0,2001 Q4
Wind,2002,1,0.0,2377435.0,0.0,0.0,0.0,0.0,0.0,2002 Q1
Wind,2002,2,0.0,3228372.0,0.0,0.0,0.0,0.0,0.0,2002 Q2
Wind,2002,3,0.0,2602975.0,0.0,0.0,0.0,0.0,0.0,2002 Q3
Wind,2002,4,0.0,2145497.0,0.0,0.0,0.0,0.0,0.0,2002 Q4
Wind,2003,1,0.0,2413819.0,0.0,0.0,0.0,0.0,0.0,2003 Q1
Wind,2003,2,0.0,3146296.0,0.0,0.0,0.0,0.0,0.0,2003 Q2
Wind,2003,3,0.0,2663881.0,0.0,0.0,0.0,0.0,0.0,2003 Q3
Wind,2003,4,0.0,2963477.0,0.0,0.0,0.0,0.0,0.0,2003 Q4
Wind,2004,1,0.0,3312238.1799999997,0.0,0.0,0.0,0.0,0.0,2004 Q1
Wind,2004,2,0.0,4393714.039999999,0.0,0.0,0.0,0.0,0.0,2004 Q2
Wind,2004,3,0.0,3304704.1500000004,0.0,0.0,0.0,0.0,0.0,2004 Q3
Wind,2004,4,0.0,3133084.38,0.0,0.0,0.0,0.0,0.0,2004 Q4
Wind,2005,1,0.0,3658675.93,0.0,0.0,0.0,0.0,0.0,2005 Q1
Wind,2005,2,0.0,5240857.620000001,0.0,0.0,0.0,0.0,0.0,2005 Q2
Wind,2005,3,0.0,4027320.33,0.0,0.0,0.0,0.0,0.0,2005 Q3
Wind,2005,4,0.0,4883695.23,0.0,0.0,0.0,0.0,0.0,2005 Q4
Wind,2006,1,0.0,6663223.550000001,0.0,0.0,0.0,0.0,0.0,2006 Q1
Wind,2006,2,0.0,6982210.53,0.0,0.0,0.0,0.0,0.0,2006 Q2
Wind,2006,3,0.0,5489394.909999999,0.0,0.0,0.0,0.0,0.0,2006 Q3
Wind,2006,4,0.0,7454308.080000001,0.0,0.0,0.0,0.0,0.0,2006 Q4
Wind,2007,1,0.0,8019199.950000001,0.0,0.0,0.0,0.0,0.0,2007 Q1
Wind,2007,2,0.0,8744460.26,0.0,0.0,0.0,0.0,0.0,2007 Q2
Wind,2007,3,0.0,7724458.700000001,0.0,0.0,0.0,0.0,0.0,2007 Q3
Wind,2007,4,0.0,9961808.62,0.0,0.0,0.0,0.0,0.0,2007 Q4
Wind,2008,1,0.0,12906954.09,0.0,0.0,0.0,0.0,0.0,2008 Q1
Wind,2008,2,0.0,15705942.370000001,0.0,0.0,0.0,0.0,0.0,2008 Q2
Wind,2008,3,0.0,10384258.629999999,0.0,0.0,0.0,0.0,0.0,2008 Q3
Wind,2008,4,0.0,16365945.16,0.0,0.0,0.0,0.0,0.0,2008 Q4
Wind,2009,1,0.0,18902062.61,0.0,0.0,0.0,0.0,0.0,2009 Q1
Wind,2009,2,0.0,19319079.11,0.0,0.0,0.0,0.0,0.0,2009 Q2
Wind,2009,3,0.0,15070122.830000002,0.0,0.0,0.0,0.0,0.0,2009 Q3
Wind,2009,4,0.0,20594867.340000004,0.0,0.0,0.0,0.0,0.0,2009 Q4
Wind,2010,1,0.0,20875271.389999997,0.0,0.0,0.0,0.0,0.0,2010 Q1
Wind,2010,2,0.0,26509856.200000003,0.0,0.0,0.0,0.0,0.0,2010 Q2
Wind,2010,3,0.0,20514117.6,0.0,0.0,0.0,0.0,0.0,2010 Q3
Wind,2010,4,0.0,26750724.1,0.0,0.0,0.0,0.0,0.0,2010 Q4
Wind,2011,1,0.0,29546702.749999996,0.0,0.0,0.0,0.0,0.0,2011 Q1
Wind,2011,2,0.0,35178886.739999995,0.0,0.0,0.0,0.0,0.0,2011 Q2
Wind,2011,3,0.0,21831252.43,0.0,0.0,0.0,0.0,0.0,2011 Q3
Wind,2011,4,0.0,33619756.89,0.0,0.0,0.0,0.0,0.0,2011 Q4
Wind,2012,1,0.0,38708830.91,0.0,0.0,0.0,0.0,0.0,2012 Q1
Wind,2012,2,0.0,37221516.43000001,0.0,0.0,0.0,0.0,0.0,2012 Q2
Wind,2012,3,0.0,26082367.5,0.0,0.0,0.0,0.0,0.0,2012 Q3
Wind,2012,4,0.0,38796698.04000001,0.0,0.0,0.0,0.0,0.0,2012 Q4
Wind,2013,1,0.0,44569748.31,0.0,0.0,0.0,0.0,0.0,2013 Q1
Wind,2013,2,0.0,47463082.22,0.0,0.0,0.0,0.0,0.0,2013 Q2
Wind,2013,3,0.0,32401578.470000006,0.0,0.0,0.0,0.0,0.0,2013 Q3
Wind,2013,4,0.0,43405336.68000001,0.0,0.0,0.0,0.0,0.0,2013 Q4
Wind,2014,1,0.0,49655757.69,0.0,0.0,0.0,0.0,0.0,2014 Q1
Wind,2014,2,0.0,50035733.17,0.0,0.0,0.0,0.0,0.0,2014 Q2
Wind,2014,3,0.0,33877681.650000006,0.0,0.0,0.0,0.0,0.0,2014 Q3
Wind,2014,4,0.0,48086109.41,0.0,0.0,0.0,0.0,0.0,2014 Q4
Wind,2015,1,0.0,45391620.61000001,0.0,0.0,0.0,0.0,0.0,2015 Q1
Wind,2015,2,0.0,48439756.81,0.0,0.0,0.0,0.0,0.0,2015 Q2
Wind,2015,3,0.0,40727043.5,0.0,0.0,0.0,0.0,0.0,2015 Q3
Wind,2015,4,0.0,56160126.97999999,0.0,0.0,0.0,0.0,0.0,2015 Q4
Wind,2016,1,0.0,60544038.75000001,0.0,0.0,0.0,0.0,0.0,2016 Q1
Wind,2016,2,0.0,55950643.489999995,0.0,0.0,0.0,0.0,0.0,2016 Q2
Wind,2016,3,0.0,47611323.49000001,0.0,0.0,0.0,0.0,0.0,2016 Q3
Wind,2016,4,0.0,62886556.72,0.0,0.0,0.0,0.0,0.0,2016 Q4
Wind,2017,1,0.0,68963728.97000001,0.0,0.0,0.0,0.0,0.0,2017 Q1
Wind,2017,2,0.0,68090275.09000002,0.0,0.0,0.0,0.0,0.0,2017 Q2
Wind,2017,3,0.0,46041120.63,0.0,0.0,0.0,0.0,0.0,2017 Q3
Wind,2017,4,0.0,70888373.88999999,0.0,0.0,0.0,0.0,0.0,2017 Q4
Wind,2018,1,0.0,78005453.22999999,0.0,0.0,0.0,0.0,0.0,2018 Q1
Wind,2018,2,0.0,74541929.01,0.0,0.0,0.0,0.0,0.0,2018 Q2
