year,state,index,final co2 (kg),generation (mwh)
2001,AK,621.6168559,4192038618,6743766
2001,AL,623.7594835,78185202966,125345113
2001,AR,596.1427445,28133189858,47192036
2001,AZ,531.014382,47744178539,89911272
2001,CA,312.7953976,62119937297,198596072
2001,CO,919.0152354,43079760934,46876003
2001,CT,361.2647459,11015195119,30490645
2001,DE,880.0288776,5990959390,6807685
2001,FL,662.7588997,1.27E+11,190945343
2001,GA,624.7144512,73914207316,118316788.1
2001,HI,779.4505403,8287969304,10633092
2001,IA,926.3105439,37662408366,40658512
2001,ID,41.22408584,385319139.4,9346942
2001,IL,530.7954132,95144696715,179249282
2001,IN,1003.98569,1.23E+11,122569670
2001,KS,818.1976415,36613135162,44748522
2001,KY,977.3635543,93257709111,95417625
2001,LA,583.8309055,51315454894,87894379.03
2001,MA,616.6244899,23726742887,38478431
2001,MD,638.7880595,31340438239,49062342
2001,ME,317.8688169,6219046504,19564821
2001,MI,664.4042835,74310703706,111845612
2001,MN,744.2897254,36115336321,48523223
2001,MO,884.2899748,70340732865,79544872.01
2001,MS,454.5223261,24292603865,53446448
2001,MT,797.8866978,19334779032,24232487
2001,NC,590.7398731,69409484109,117495851
2001,ND,1111.411905,33711425927,30332072
2001,NE,718.8167534,21913281836,30485213
2001,NH,307.3867661,4633739922,15074624
2001,NJ,276.6544338,16439155039,59421260
2001,NM,975.6998692,32794875678,33611643
2001,NV,673.6931492,22822006218,33875966
2001,NY,409.5422587,58939092325,143914556
2001,OH,833.3459808,1.19E+11,142261809
2001,OK,806.3369415,44549674952,55249453
2001,OR,208.2155349,9380506705,45051906
2001,PA,533.2703838,1.05E+11,196576590
2001,RI,451.1005211,3384107390,7501892
2001,SC,405.1928275,36126583251,89158990
2001,SD,566.832747,4194983485,7400743
2001,TN,602.5630279,57979805210,96221976
2001,TX,635.1478981,2.37E+11,372580005
2001,UT,948.9765983,34024369712,35853750
2001,VA,577.7600695,42814764357,74104748
2001,VT,8.743735521,47921039.31,5480614
2001,WA,173.6335618,14420036378,83048670
2001,WI,805.8077058,47352027936,58763434
2001,WV,923.4031252,75568287618,81836725
2001,WY,1068.688317,47852590491,44776938
2002,AK,565.8667312,3829402379,6767322
2002,AL,608.8982795,80935170323,132920675
2002,AR,561.3927364,26728829424,47611641
2002,AZ,508.8592696,47899769281,94131663
2002,CA,256.8376244,47312068030,184210036
2002,CO,920.787902,41988285596,45600388
2002,CT,320.3419249,10030296164,31311219
2002,DE,979.1456818,5877312164,6002490
2002,FL,632.369588,1.29E+11,203352778
2002,GA,629.7611591,79672479164,126512215
2002,HI,780.9584866,9108375839,11663073
2002,IA,899.6404289,38260255423,42528386
2002,ID,43.6637949,427334591.5,9786932
2002,IL,498.5021198,93745543961,188054454
2002,IN,972.38672,1.22E+11,125608144
2002,KS,872.2770365,41161396961,47188445
2002,KY,966.9839403,89065668754,92106668
2002,LA,534.9535171,50805050675,94970963
2002,MA,570.1636248,23962736475,42027824
2002,MD,686.4800749,33142629885,48279085
2002,ME,304.2009616,6855179621,22535036
2002,MI,626.5273676,73860739976,117889088
2002,MN,739.910068,39050946931,52777964
2002,MO,857.3500117,69584409687,81162196
2002,MS,541.2995316,23215693304,42888811
2002,MT,672.8050401,17138837788,25473706
2002,NC,572.5438056,71263397862,124468027
2002,ND,1080.566851,33828556499,31306306
2002,NE,675.820731,21368430349,31618489
2002,NH,302.7781739,4830242916,15953075
2002,NJ,319.9945455,19701867690,61569386
2002,NM,989.4083907,30336949189,30661706
2002,NV,710.3869549,22795562952,32088938
2002,NY,395.1085974,55153875267,139591686
2002,OH,845.0752974,1.24E+11,147068847
2002,OK,805.0268337,47644241208,59183420
2002,OR,147.2030563,6933170917,47099368
2002,PA,546.9805883,1.12E+11,204322877
2002,RI,442.8084027,3124794395,7056764
2002,SC,401.4212787,38762643241,96563499
2002,SD,467.3394574,3608775661,7721958
2002,TN,626.9830509,60262014478,96114264
2002,TX,634.5438381,2.45E+11,385628540
2002,UT,956.4885161,35015135423,36608004
2002,VA,564.5324812,42343126826,75005652
2002,VT,2.627367846,14335420.8,5456191
2002,WA,113.2744899,11640658388,102765048
2002,WI,778.4256827,45484531258,58431437.03
2002,WV,910.4034845,86271429220,94761752
2002,WY,1036.811269,45395577691,43783839
2003,AK,548.1712638,3474714020,6338738
2003,AL,607.3557484,83503657651,137487227
2003,AR,555.1157219,27978444677,50401103
2003,AZ,531.1022673,50134046470,94396220
2003,CA,241.8069661,46746170257,193320196.7
2003,CO,921.1280416,42940031557,46616789
2003,CT,326.1811826,9637040658,29545054.01
2003,DE,829.8619174,6134575804,7392285
2003,FL,623.9173113,1.33E+11,212610013
2003,GA,625.2144747,77574633212,124076835
2003,HI,745.022696,8177647749,10976374
2003,IA,900.8069069,37938556645,42116192
2003,ID,61.65829242,642660374.1,10422935
2003,IL,501.981134,94902173315,189055259
2003,IN,967.9515413,1.21E+11,124888212
2003,KS,883.886674,41160446609,46567561
2003,KY,949.3315018,87071563232,91718818
2003,LA,546.3967637,51844878788,94885040.02
2003,MA,554.2087599,26815403594,48385023
2003,MD,629.720881,32899287579,52244238
2003,ME,315.1127759,5978204253,18971634
2003,MI,658.6665592,73340586874,111347063
2003,MN,751.0357397,41345262496,55050992
2003,MO,841.875884,73432698906,87225089
2003,MS,597.9771478,24007752775,40148278.01
2003,MT,714.346,18764960057,26268727
2003,NC,547.2697732,69821948427,127582322
2003,ND,1090.429942,34154585118,31322127
2003,NE,736.1513232,22420214394,30455986
2003,NH,368.752308,7963984158,21597110
2003,NJ,331.5166552,19028841188,57399352
2003,NM,904.9719386,29624848262,32735654
2003,NV,677.3825873,22485639120,33194888
2003,NY,402.506243,55402296013,137643321
2003,OH,864.4280256,1.27E+11,146638125
2003,OK,809.6595913,49087117068,60626858
2003,OR,187.1899721,9165970569,48966141
2003,PA,565.1569597,1.17E+11,206349515
2003,RI,432.3914337,2430534081,5621143
2003,SC,403.4429842,37831927437,93772674
2003,SD,498.805808,3962432034,7943837
2003,TN,602.0062223,55518093818,92221794
2003,TX,643.3084342,2.44E+11,379199690
2003,UT,952.4762237,36216636849,38023665
2003,VA,564.83032,42537043233,75309419
2003,VT,3.89762504,23494731.74,6027961
2003,WA,150.4141433,15055657199,100094691
2003,WI,789.142807,47445180814,60122427.01
2003,WV,904.4382581,85660748400,94711549
2003,WY,1029.470398,44912296360,43626603
2004,AK,535.048356,3492109158,6526716.92
2004,AL,586.5800892,80569573755,137354770.9
2004,AR,546.4775217,28377283779,51927632.25
2004,AZ,515.2751031,53879299566,104564143
2004,CA,243.0475907,47479173069,195349285
2004,CO,891.1715693,42659930673,47869492.41
2004,CT,309.9745536,10115525989,32633407.72
2004,DE,735.97032,5781453546,7855552.58
2004,FL,594.3026864,1.30E+11,218117927.8
2004,GA,624.7192754,79222347286,126812714.8
2004,HI,736.9625786,8409039730,11410402.61
2004,IA,858.555259,37130960099,43248188.99
2004,ID,62.46734117,678585144.7,10863038.7
2004,IL,515.0528379,98868398559,191957778.5
2004,IN,973.7640868,1.24E+11,127770395.7
2004,KS,848.1966782,39680895773,46782658.78
2004,KY,926.2283516,87556317140,94529947.17
2004,LA,512.8974583,50352327578,98172308.65
2004,MA,541.2144053,25707945404,47500482.53
2004,MD,606.3643559,31562944240,52052769.81
2004,ME,272.7246986,5208737781,19098885.46
2004,MI,622.9296864,73809237569,118487269.4
2004,MN,740.9570937,38799571080,52364126.63
2004,MO,837.5541175,73397304877,87632910.33
2004,MS,594.9455376,25976876865,43662613.17
2004,MT,700.7467529,18772142023,26788767.76
2004,NC,549.7461925,69449412722,126329956.7
2004,ND,1078.981758,32300512313,29936106.04
2004,NE,677.3400774,21680781302,32008708.81
2004,NH,351.0764694,8382226857,23875786.58
2004,NJ,334.991995,18720137099,55882341.61
2004,NM,889.3417628,29295238372,32940360.61
2004,NV,675.3778739,25439752193,37667435.04
2004,NY,401.926071,55451647484,137964793.8
2004,OH,807.4704737,1.20E+11,148345905.3
2004,OK,767.374637,46602324424,60729560.47
2004,OR,177.1976235,9104640363,51381278.05
2004,PA,549.921485,1.18E+11,214658500.8
2004,RI,416.0696094,2055142434,4939419.72
2004,SC,414.1179485,40558682496,97939929.06
2004,SD,552.2546985,4147550979,7510214.02
2004,TN,573.892056,56008732304,97594541.89
2004,TX,604.1244352,2.36E+11,390299132.3
2004,UT,957.84652,36601209632,38211977.46
2004,VA,514.194131,40569937479,78900039.95
2004,VT,3.771957787,20634037.95,5470378.81
2004,WA,142.676842,14576587000,102165052.1
2004,WI,781.2519436,47222721698,60444933.4
2004,WV,903.5881959,81096644569,89749561.73
2004,WY,1031.443244,46216500937,44807604.48
2005,AK,536.961208,3531410515,6576658.54
2005,AL,608.3798765,83925140673,137948581
2005,AR,548.9596858,26237258578,47794508.88
2005,AZ,524.3893462,53214325203,101478654.3
2005,CA,214.4918411,43075864381,200827519.4
2005,CO,868.4204202,43088150541,49616694.33
2005,CT,336.25444,11281251320,33549746.79
2005,DE,741.2450753,6031191041,8136568.11
2005,FL,596.5414657,1.31E+11,220256411.8
2005,GA,637.61173,87141051013,136667891.9
2005,HI,732.0346602,8435092921,11522805.38
2005,IA,852.4518822,37641001633,44156159.92
2005,ID,59.91765919,648607696.1,10824983.9
2005,IL,504.2286269,97880934601,194120145.9
2005,IN,969.5465182,1.26E+11,130371572.5
2005,KS,858.3632622,39366853221,45862695.85
2005,KY,929.1149963,90888276602,97822419.14
2005,LA,516.3804845,47825548425,92616878.17
2005,MA,551.7110986,26214797417,47515443.29
2005,MD,616.3033204,32455518955,52661600.03
2005,ME,258.1848999,4865230456,18843977.54
2005,MI,616.4225499,74969169493,121619771.2
2005,MN,734.4978443,38942337462,53018994.9
2005,MO,827.6323683,75172383481,90828230.46
2005,MS,561.220306,25292769934,45067453.3
2005,MT,710.555219,19852044343,27938777.75
2005,NC,554.4148167,71934533890,129748577.6
2005,ND,1051.5812,33579738041,31932615.43
2005,NE,718.6835885,22613187661,31464733.61
2005,NH,347.6029439,8505848619,24470013.18
2005,NJ,322.9367964,19553688352,60549582.98
2005,NM,875.2011403,30750753942,35135642
2005,NV,657.1649699,26427069017,40213751.84
2005,NY,385.9724002,56694489531,146887418.6
2005,OH,809.8431131,1.27E+11,156976322.8
2005,OK,731.1789514,50164599131,68607827.17
2005,OR,189.1934002,9331964939,49325002.52
2005,PA,556.9542863,1.21E+11,218091125.1
2005,RI,441.9470711,2675235589,6053294.08
2005,SC,405.5374839,41573539254,102514664.9
2005,SD,535.1763608,3489761417,6520768.99
2005,TN,575.6863857,55909029844,97117165.23
2005,TX,603.0650829,2.39E+11,396668722.2
2005,UT,954.7492746,36438131041,38165130.9
2005,VA,520.6870247,41104619197,78943044.96
2005,VT,2.429856635,13890894.14,5716754.62
2005,WA,145.7942665,14866036357,101965850.3
2005,WI,783.5541808,48442973672,61824663.64
2005,WV,875.1849736,81940318044,93626285.32
2005,WY,1016.311002,46310555388,45567306.96
2006,AK,560.1687226,3738676302,6674196.81
2006,AL,600.7076449,84636968728,140895441.3
2006,AR,546.0110295,28484687216,52168702.97
2006,AZ,537.0785261,56067084056,104392712.3
2006,CA,220.0617723,47817511272,217291312.2
2006,CO,858.0891965,43503708878,50698352.87
2006,CT,307.0291824,10648305106,34681736.19
2006,DE,690.4818586,4959164554,7182179.36
2006,FL,575.8930948,1.29E+11,223751621
2006,GA,639.1705838,88212065153,138010207.9
2006,HI,729.7837214,8435696821,11559173.73
2006,IA,815.9076032,37110302769,45483462.37
2006,ID,41.15522481,550907348.7,13386085.27
2006,IL,503.9236589,96968496779,192426958.1
2006,IN,960.4617073,1.25E+11,130489787.7
2006,KS,797.4495339,36302882287,45523736.29
2006,KY,939.2661538,92791995203,98792014.2
2006,LA,500.0827725,45468440522,90921829.39
2006,MA,501.6940779,22876133883,45597775.4
2006,MD,603.8076968,29560540773,48956879.7
2006,ME,212.8455668,3579247813,16816172.72
2006,MI,635.9041068,71575292268,112556738.5
2006,MN,709.6077578,37777948162,53237789.11
2006,MO,819.4113164,75128826943,91686342.91
2006,MS,562.6418014,26010281989,46228847.42
2006,MT,703.6553043,19873714179,28243536.37
2006,NC,556.4337872,69673736699,125214784.4
2006,ND,1063.202837,32832912307,30881136.84
2006,NE,700.3171935,22179023724,31669968.88
2006,NH,321.2940574,7088933959,22063694.6
2006,NJ,298.8316702,18139123809,60700138.64
2006,NM,833.5693548,31063482639,37265624.58
2006,NV,563.8240589,17963446807,31860021.8
2006,NY,340.5068059,48442347913,142265432.2
2006,OH,802.498204,1.25E+11,155434075.2
2006,OK,709.9199222,50130910288,70614880.24
2006,OR,139.2672817,7428613620,53340695.15
2006,PA,550.2771351,1.20E+11,218811594.7
2006,RI,404.7223692,2415271615,5967724.54
2006,SC,418.0087361,41494726422,99267605.77
2006,SD,535.4316783,3818828829,7132242.98
2006,TN,611.901372,57464331921,93911101.61
2006,TX,592.2812694,2.37E+11,400582877.7
2006,UT,930.1515619,38381145185,41263323.91
2006,VA,496.3867811,36270752127,73069536.72
2006,VT,1.476818351,10462288.73,7084343.67
2006,WA,92.67829856,10028084339,108203155.4
2006,WI,743.202415,45810880534,61639843.48
2006,WV,863.3206458,80993120679,93815804.21
2006,WY,1008.186357,45772033457,45400369.83
2007,AK,548.0321706,3738342100,6821391.7
2007,AL,604.3408062,86920084488,143826270.9
2007,AR,542.2981264,29607436255,54596235.56
2007,AZ,534.1970072,60546987260,113342056.3
2007,CA,252.1980167,53315005216,211401365.9
2007,CO,820.1056179,44209837201,53907492.2
2007,CT,299.7462179,9942944514,33171209.24
2007,DE,743.5299607,6345406088,8534163.28
2007,FL,574.5700025,1.30E+11,225416060.3
2007,GA,642.5111481,93263807477,145155158.4
2007,HI,715.6891732,8254293468,11533349.64
2007,IA,819.9305805,40823701615,49789217.02
2007,ID,62.33492699,715859950.4,11484090.62
2007,IL,502.7508021,1.01E+11,200260681.3
2007,IN,954.1949181,1.25E+11,130637998.6
2007,KS,780.1052647,39100588812,50122195.79
2007,KY,949.7623249,92340945491,97225319.5
2007,LA,497.0182384,46013117882,92578328.77
2007,MA,521.4287892,24546768726,47075975.16
2007,MD,608.2110964,30530934343,50197923.92
2007,ME,217.5932547,3509467494,16128567.49
2007,MI,632.45621,75458310098,119309936.3
2007,MN,695.1648535,37870945125,54477646.47
2007,MO,808.7507033,73720118528,91153081.2
2007,MS,562.5819302,28153673451,50043685.98
2007,MT,736.2425058,21300594961,28931493.08
2007,NC,562.0311812,73128856116,130115300.7
2007,ND,1013.12598,31633952047,31224105.08
2007,NE,656.2085337,21289175829,32442698.83
2007,NH,295.5289258,6879077413,23277171.24
2007,NJ,307.3493716,19261967774,62671245.01
2007,NM,810.2507732,29157143781,35985332.87
2007,NV,538.5780159,17617397461,32710947.98
2007,NY,343.6211587,50127003630,145878687.5
2007,OH,821.6663464,1.27E+11,155155545.4
2007,OK,685.3478179,49906407943,72819095.12
2007,OR,195.5263932,10769162399,55077793.95
2007,PA,545.0418126,1.23E+11,226088340.3
2007,RI,411.3988909,2900298003,7049844
2007,SC,412.0625465,42608149807,103402141.7
2007,SD,513.4611334,3150907902,6136604.5
2007,TN,614.822618,58477875006,95113408.8
2007,TX,589.3337684,2.39E+11,405492295.5
2007,UT,884.5936162,40136289975,45372574.75
2007,VA,514.2535774,40297171152,78360507.19
2007,VT,1.767714591,10294430.1,5823581.56
2007,WA,115.4083112,12347560210,106990216.6
2007,WI,727.033166,46087090233,63390629.74
2007,WV,893.2165815,83902610625,93933109.13
2007,WY,1012.032481,46182570487,45633486.44
2008,AK,549.4460736,3722406149,6774834.38
2008,AL,564.0515766,82278144387,145869895.2
2008,AR,533.0907734,29346928506,55050527.92
2008,AZ,506.5850144,60516618672,119459946.4
2008,CA,255.0773681,53221604349,208648868.9
2008,CO,793.5702218,42409657296,53441593.61
2008,CT,296.961041,9030428666,30409472.69
2008,DE,720.3481131,5419782960,7523838.63
2008,FL,555.1283599,1.22E+11,219636818.3
2008,GA,640.9225483,87276599562,136173395.4
2008,HI,715.795658,8143167051,11376385.09
2008,IA,797.4256547,42332765417,53086786.42
2008,ID,62.40978069,747079584.4,11970552.95
2008,IL,509.4348665,1.02E+11,199475177.6
2008,IN,946.2550814,1.23E+11,129510294
2008,KS,790.5552646,36863846089,46630321.42
2008,KY,939.8634428,91978175952,97863340.31
2008,LA,501.2364436,46340883799,92453141.41
2008,MA,493.6916521,20984599911,42505478.51
2008,MD,588.2038077,27857892846,47360952.92
2008,ME,209.5163419,3581664990,17094919.46
2008,MI,634.8913305,73006030833,114989805.9
2008,MN,671.1206826,36752823493,54763359.92
2008,MO,793.0357237,72189086703,91028795.48
2008,MS,559.1266508,26953097768,48205711.05
2008,MT,695.5168402,20613127899,29637137.03
2008,NC,570.5192572,71451297144,125239062.9
2008,ND,977.5920223,32001063469,32734579.19
2008,NE,693.9081903,22464252246,32373522.26
2008,NH,287.338168,6573432841,22876991.55
2008,NJ,290.6114026,18504619768,63674789.1
2008,NM,807.2281047,29875380536,37009836.95
2008,NV,509.5855157,17943861800,35212660.58
2008,NY,307.3947673,43134279347,140322100.2
2008,OH,818.0074369,1.25E+11,153412251.1
2008,OK,690.5963719,52712467335,76328908.58
2008,OR,190.3921488,11179529510,58718437.59
2008,PA,533.8133861,1.19E+11,222351099.4
2008,RI,409.5968958,3025801136,7387265.79
2008,SC,413.4245097,41746782130,100978004.8
2008,SD,568.0326898,4023188983,7082671.57
2008,TN,606.5627673,54992989775,90663312.58
2008,TX,596.9659807,2.42E+11,404787781
2008,UT,852.5740744,39711845494,46578762.7
2008,VA,490.0198042,35613919730,72678531.41
2008,VT,1.110861153,7576312.985,6820215.98
2008,WA,120.5143814,13356422230,110828451.1
2008,WI,729.6449813,46317538752,63479555.04
2008,WV,893.9209176,81456842163,91123096.64
2008,WY,1006.320461,46794352609,46500448.36
2009,AK,540.6870334,3623770699,6702159.43
2009,AL,478.9921561,68618287485,143255555.7
2009,AR,504.0077579,28959146237,57457739.06
2009,AZ,491.9571223,55085314328,111971779.3
2009,CA,239.8340602,49259395796,205389492.1
2009,CO,784.4863036,39668296466,50565951.61
2009,CT,240.2721222,7497985202,31206222.07
2009,DE,674.3285758,3264804215,4841562.9
2009,FL,529.5736248,1.15E+11,217952308.4
2009,GA,594.1506253,76466220905,128698376.5
2009,HI,695.746656,7660541467,11010532.93
2009,IA,746.6220753,38719868004,51860063.19
2009,ID,55.27489577,724109528.6,13100151.86
2009,IL,487.3059283,94471250616,193864357.3
2009,IN,933.796454,1.09E+11,116670279.9
2009,KS,759.2044309,35437618743,46677307.59
2009,KY,927.4521425,84055383412,90630426.69
2009,LA,492.0710964,44775357998,90993676.17
2009,MA,474.3103335,18482285340,38966651.23
2009,MD,562.0369333,24603072361,43774832.05
2009,ME,213.732647,3494496441,16349848.7
2009,MI,687.1779394,69544197749,101202605.3
2009,MN,625.848733,32851957110,52491848.87
2009,MO,812.3778625,71777054376,88354271.69
2009,MS,503.2164762,24507389259,48701484.19
2009,MT,656.8800044,17547061708,26712735.34
2009,NC,523.926503,62036776382,118407402.6
2009,ND,928.904393,31765248188,34196466.75
2009,NE,732.6483189,24911429182,34001892.23
2009,NH,269.835337,5440992651,20164121.98
2009,NJ,234.2873223,14481589696,61811239.1
2009,NM,825.7111742,32759544776,39674338.68
2009,NV,480.0678716,18158942089,37825780.82
2009,NY,262.3704161,34934765121,133150549.7
2009,OH,810.3775248,1.10E+11,136090225.3
2009,OK,672.628175,50492050927,75066809.28
2009,OR,173.9885707,9863561088,56690856.47
2009,PA,515.6575255,1.13E+11,219496143.6
2009,RI,408.2899876,3142536371,7696824.48
2009,SC,374.9496591,37542017022,100125486.5
2009,SD,417.3311427,3420667657,8196531.02
2009,TN,489.6311968,39031875624,79716888.71
2009,TX,559.4955662,2.22E+11,397167909.6
2009,UT,842.5359046,36686495070,43542945.61
2009,VA,437.9997822,30695929716,70082066.16
2009,VT,0.996469539,7256638.34,7282348.39
2009,WA,127.4613209,13315901106,104470132.6
2009,WI,691.1236408,41439124159,59959060.45
2009,WV,913.8542491,64684901520,70782514.37
2009,WY,957.02155,44050948265,46029212.47
2010,AK,521.2204134,3523228872,6759575.76
2010,AL,520.0000487,79118273688,152150512.1
2010,AR,531.1574598,32400703079,61000184.56
2010,AZ,495.5302009,55377298492,111753629.5
2010,CA,220.9570562,45247425685,204779274.6
2010,CO,817.779774,41478437715,50720791.87
2010,CT,259.1680629,8643157281,33349623.34
2010,DE,664.3206649,3738560875,5627645.01
2010,FL,548.53515,1.26E+11,229095934.8
2010,GA,597.8094025,82244789082,137576941.3
2010,HI,701.3372156,7599715344,10836036.04
2010,IA,744.3058269,42804075966,57508720.77
2010,ID,59.86919067,719900926.2,12024564.19
2010,IL,489.2390603,98509200498,201351871.7
2010,IN,921.5505978,1.15E+11,125180738.9
2010,KS,754.1785814,36143074967,47923762.17
2010,KY,939.5216443,92277615770,98217658.24
2010,LA,495.1340813,50941840358,102884940.2
2010,MA,454.8240265,19467626733,42802546.92
2010,MD,610.5103836,26622687441,43607263.95
2010,ME,214.1545733,3644623794,17018659.64
2010,MI,634.3669894,70764507605,111551371.4
2010,MN,590.2893192,31680961775,53670227.03
2010,MO,822.5494006,75931994183,92312989.5
2010,MS,512.1428215,27905259103,54487260.06
2010,MT,679.0998159,20227020608,29785047.99
2010,NC,539.2632402,69391575834,128678483.3
2010,ND,882.3462183,30652303244,34739541.7
2010,NE,658.1039603,24106352180,36630006.25
2010,NH,247.6686497,5497231570,22195912.07
2010,NJ,269.676275,17713010228,65682493.68
2010,NM,820.0888351,29729485054,36251542.25
2010,NV,478.5757562,16883792679,35279247.77
2010,NY,284.7303712,38997142494,136961653.7
2010,OH,801.6146278,1.15E+11,143598336.9
2010,OK,664.4530274,48007218399,72250733.19
2010,OR,192.5245962,10613303256,55126999.19
2010,PA,528.3286281,1.21E+11,229752306.2
2010,RI,415.8377804,3218051740,7738719.02
2010,SC,397.9767926,41450529724,104153132.8
2010,SD,359.1787755,3609615999,10049636.13
2010,TN,520.609193,42871451130,82348624.86
2010,TX,568.3322578,2.34E+11,411695046.3
2010,UT,831.6584433,35137032517,42249354.65
2010,VA,461.2935338,33658954368,72966456.06
2010,VT,1.299876422,8605168.901,6619989.99
2010,WA,134.1042068,13876128254,103472729
2010,WI,706.3513805,45428330124,64314067.16
2010,WV,894.8717359,72295745495,80788947.28
2010,WY,944.7479533,45460566549,48119253.81
2011,AK,533.2720618,3664129850,6871032.84
2011,AL,501.0208884,78329209841,156339209.9
2011,AR,566.6462532,34739685546,61307535.96
2011,AZ,494.4366521,53462087212,108127273.7
2011,CA,188.4741014,37968416530,201451638.5
2011,CO,771.6470678,39687779783,51432554.39
2011,CT,230.4552789,7776764240,33745220.66
2011,DE,544.5229312,3588512200,6590194.82
2011,FL,522.2614526,1.16E+11,221923641.1
2011,GA,588.2501235,73383815366,124749341.2
2011,HI,687.7266113,7374721425,10723332.94
2011,IA,703.4049235,39652280928,56371912.68
2011,ID,30.07800118,498355964.3,16568785.98
2011,IL,485.3313304,96823468464,199499728.1
2011,IN,906.5834603,1.11E+11,122131414
2011,KS,784.0159516,35562838278,45359840.2
2011,KY,933.0181644,91763252861,98350982.18
2011,LA,517.5569026,54597459108,105490737
2011,MA,417.2909642,15879932756,38054820.54
2011,MD,559.5555956,23399534085,41818068.25
2011,ME,195.8975616,3129206556,15973688.14
2011,MI,592.8111984,64716906243,109169507
2011,MN,591.6208722,31426937138,53120061.54
2011,MO,830.5118183,78795968760,94876396.73
2011,MS,450.7788723,23247091397,51570942.71
2011,MT,569.0439863,17144466005,30128542.64
2011,NC,502.4375067,59483503534,118389854.9
2011,ND,846.4902179,29694792314,35079900.14
2011,NE,728.4664585,26294033987,36095051.02
2011,NH,258.123841,5179497770,20065941.02
2011,NJ,240.6134193,15566267653,64694096.02
2011,NM,805.9963717,30773859750,38181139.31
2011,NV,461.1853747,14787531316,32064180.97
2011,NY,264.3415101,36337424872,137463937.7
2011,OH,796.9902101,1.08E+11,135585804.5
2011,OK,680.1208771,50740903382,74605713.62
2011,OR,112.1239996,6693260568,59695164.21
2011,PA,503.3776118,1.14E+11,227314722.5
2011,RI,414.7332935,3617416843,8722272.6
2011,SC,373.1062123,38419704529,102972567.2
2011,SD,242.2541961,2906780366,11998885.52
2011,TN,504.9978285,40957274312,81103862.23
2011,TX,571.0363395,2.49E+11,435457419.9
2011,UT,817.2765749,33374428887,40836150.1
2011,VA,423.5949006,28241435939,66670859.12
2011,VT,3.699464651,25068382.1,6776218.85
2011,WA,65.85910702,7591091969,115262600.9
2011,WI,702.7213959,44474776049,63289343.84
2011,WV,897.4879169,70901207592,78999623.57
2011,WY,919.6968805,43812953044,47638470.86
2012,AK,521.8447656,3618532551,6934116.79
2012,AL,464.7019938,71043031005,152878687.7
2012,AR,557.432531,36236279646,65005678.05
2012,AZ,479.2335603,53149403109,110905010.7
2012,CA,248.3955223,49703140843,200096766.6
2012,CO,755.5787207,39710725010,52556701.14
2012,CT,234.9692696,8486512910,36117543.9
2012,DE,498.3022103,4302188823,8633694.04
2012,FL,503.7105777,1.11E+11,221184474
2012,GA,489.0208344,59809219777,122304032
2012,HI,667.3028881,6986173233,10469268.69
2012,IA,645.9896859,36611727475,56675405.62
2012,ID,52.08101566,807208315.1,15499089.35
2012,IL,453.5441004,89611669097,197580938.7
2012,IN,887.3369668,1.02E+11,114695560.3
2012,KS,718.4213163,31915644821,44424690.77
2012,KY,939.8947807,84543243027,89949688.8
2012,LA,500.4026721,51745492330,103407705.9
2012,MA,385.0348297,13698931482,35578421.55
2012,MD,521.7857551,19728585629,37809743.63
2012,ME,181.4698234,2730811672,15048296.3
2012,MI,593.2365783,64163311345,108158049.7
2012,MN,519.2845425,27394561712,52754433.21
2012,MO,780.1902576,71624836558,91804320.63
2012,MS,445.6924059,24327805777,54584295.03
2012,MT,585.0121765,16266136309,27804782.47
2012,NC,479.8573121,55990597305,116681763.3
2012,ND,837.7004985,30262063652,36125158.94
2012,NE,743.4997049,25440546869,34217292.49
2012,NH,226.4848099,4353563255,19222318.96
2012,NJ,227.2854476,14833422887,65263407.96
2012,NM,799.3844833,29286177580,36635909.49
2012,NV,418.3098106,14767255869,35302198.26
2012,NY,252.1060373,34227993889,135768243.6
2012,OH,719.8114925,93392468043,129745730.7
2012,OK,616.6662847,48036177763,77896552.73
2012,OR,122.914629,7488439266,60923905.68
2012,PA,478.6290119,1.07E+11,223419715.5
2012,RI,412.7532253,3429581334,8309035.82
2012,SC,348.4795217,33717373757,96755681.91
2012,SD,273.6367434,3139543002,11473397.04
2012,TN,500.2842896,38878133049,77712080.63
2012,TX,538.5685224,2.31E+11,429815558.9
2012,UT,817.9529337,32229767434,39402960.86
2012,VA,348.4731412,24650723419,70739234.97
2012,VT,1.94566622,12858067.61,6608568.05
2012,WA,53.99825914,6308912175,116835473.5
2012,WI,617.9932476,39397649172,63750937.94
2012,WV,893.7417366,65612623830,73413404.73
2012,WY,929.7846446,46106724665,49588606.28
2013,AK,528.5981616,3434208012,6496821.71
2013,AL,459.0644357,69122674331,150572923.9
2013,AR,605.9164911,36550392797,60322492.18
2013,AZ,502.0288241,56937716637,113415234.2
2013,CA,242.1022111,48586507604,200685930.9
2013,CO,743.9718069,39383959899,52937435.98
2013,CT,234.3726929,8346196598,35610789.35
2013,DE,494.2711106,3835969406,7760861.04
2013,FL,490.2176762,1.09E+11,222500805.1
2013,GA,477.3084472,57732239122,120953734.4
2013,HI,661.3141635,6789747090,10267052.28
2013,IA,611.0337807,34627746858,56670756.92
2013,ID,91.25062972,1385743771,15186128.31
2013,IL,454.1277471,92190166753,203004919.5
2013,IN,925.9243049,1.02E+11,110403477.2
2013,KS,681.8114504,33049161021,48472581.39
2013,KY,932.6870499,83700288362,89741021.25
2013,LA,495.1562181,50510973469,102010177
2013,MA,430.2836547,14150697990,32886905.73
2013,MD,497.6384106,17840741273,35850812.34
2013,ME,162.0970781,2274228111,14030037.66
2013,MI,612.4349541,64561545911,105417800.7
2013,MN,547.4946806,28084827871,51296987.65
2013,MO,792.0492548,72572774702,91626592.99
2013,MS,428.1651406,22611514085,52810263.94
2013,MT,615.0731453,17029730903,27687326.35
2013,NC,426.4255452,53702452567,125936293.4
2013,ND,848.5973726,29719299513,35021672.79
2013,NE,730.2022394,27093882356,37104627.86
2013,NH,174.0722515,3442891589,19778520.47
2013,NJ,227.4421757,14727095068,64750941.75
2013,NM,801.4374145,28748333575,35870965.16
2013,NV,430.3393242,15726015221,36543291.16
2013,NY,239.408544,32587532100,136116830
2013,OH,716.6595036,98386018541,137284188.7
2013,OK,612.0444583,45091567761,73673680.32
2013,OR,163.4629123,9790695272,59895514.73
2013,PA,466.2284338,1.06E+11,226769946.4
2013,RI,410.3120918,2550589665,6216218.62
2013,SC,295.7693509,28171999324,95249894.02
2013,SD,322.9507431,3264672413,10108886.52
2013,TN,443.6976849,35341239150,79651619.45
2013,TX,550.1358329,2.38E+11,433380165.8
2013,UT,841.8427199,35792417184,42516750.86
2013,VA,391.5591576,30109554246,76896565.08
2013,VT,2.181742662,15021102.07,6884910.09
2013,WA,105.4574897,12040389150,114172916.3
2013,WI,691.4625111,45610797685,65962791.84
2013,WV,882.7646264,66969231728,75863066.69
2013,WY,931.1255153,48868321391,52483065.48
2014,AK,482.7853685,2917389739,6042829.65
2014,AL,467.898109,69877320458,149343028.1
2014,AR,582.1969552,35861580131,61596990.18
2014,AZ,493.2611594,56213062308,113962069.1
2014,CA,239.695018,49155962882,205077115.5
2014,CO,712.5057044,38618296119,54200683.42
2014,CT,243.4204006,8228377547,33803155.06
2014,DE,454.2731168,3531990341,7775037.11
2014,FL,494.1880778,1.14E+11,230259387.3
2014,GA,497.6799374,62667528612,125919338.7
2014,HI,624.6647347,6718441436,10755275.69
2014,IA,613.1551646,34874842996,56877679.6
2014,ID,68.40131157,1038929885,15188742.16
2014,IL,449.2113161,90814757446,202164892.6
2014,IN,918.2289503,1.06E+11,115404689.1
2014,KS,638.6612246,31761488941,49731356.34
2014,KY,930.0361078,84548709292,90909061.04
2014,LA,476.7948878,49745418131,104332952
2014,MA,390.4958557,12396462683,31745439.81
2014,MD,524.2876237,19968246068,38086434.17
2014,ME,158.7370928,2105177590,13262039.47
2014,MI,583.2708529,62323477275,106851691.6
2014,MN,543.0371222,30962436592,57017163.88
2014,MO,789.7527731,69456787497,87947506.94
2014,MS,440.5247906,24285838301,55129333.97
2014,MT,590.5726216,17876053969,30269019.11
2014,NC,433.6487666,55601322566,128217412
2014,ND,821.1264836,29940599469,36462834.98
2014,NE,641.6285857,25300917448,39432341.41
2014,NH,171.4950842,3353192065,19552700.77
2014,NJ,243.4424785,16887871690,69371096.6
2014,NM,759.751534,24635623627,32425895.21
2014,NV,444.2224332,16089864831,36220288.82
2014,NY,238.7465607,32821053473,137472361.4
2014,OH,717.3140891,96521151507,134559118.5
2014,OK,614.4509094,43108486613,70157739.13
2014,OR,143.7421151,8653221491,60199625.46
2014,PA,446.0075216,98705968842,221310099.2
2014,RI,404.9695027,2546211127,6287414.51
2014,SC,332.4659285,32303203581,97162448.28
2014,SD,280.5295053,3084605525,10995654.53
2014,TN,475.0464858,37797802515,79566534.32
2014,TX,539.5995841,2.36E+11,437793351
2014,UT,804.17656,35240479594,43821818.92
2014,VA,388.0382018,29940745805,77159273.66
2014,VT,1.995217905,14094981.67,7064382.11
2014,WA,100.6227202,11709482582,116370165.3
2014,WI,682.7057133,41705259470,61088194.6
2014,WV,885.2656654,71758398613,81058603.56
2014,WY,906.7331053,45063327771,49698557.94
2015,AK,479.0141641,3010573982,6284937.29
2015,AL,439.4340477,67005184256,152480638.7
2015,AR,488.0850257,27120366312,55564839.9
2015,AZ,470.1212096,54172522405,115230968.7
2015,CA,232.9421677,47755695448,205010951.5
2015,CO,724.1045852,38220685343,52783377.05
2015,CT,237.2915147,8938627264,37669392.76
2015,DE,397.8954842,3139133309,7889341.38
2015,FL,474.3404269,1.13E+11,237674769.7
2015,GA,458.227153,59027858486,128817897.6
2015,HI,607.3420685,6530114408,10751954.7
2015,IA,544.9177053,30896807351,56699951.3
2015,ID,99.7269567,1563051776,15673312.69
2015,IL,412.8492214,80084015389,193978845.6
2015,IN,874.7153286,90997787053,104031316.3
2015,KS,610.5762096,27800556792,45531673.78
2015,KY,911.0908567,76113966321,83541576.3
2015,LA,454.6083864,49082131397,107965741.2
2015,MA,392.5219111,12932870290,32948148.69
2015,MD,471.8046069,17317184445,36704144.45
2015,ME,156.0448734,1835130800,11760276.13
2015,MI,568.6454341,64282909385,113045679.3
2015,MN,504.4792869,28758021229,57005355.77
2015,MO,759.4514263,63630827617,83785250
2015,MS,395.6900684,25624709048,64759545.65
2015,MT,622.1097282,18234419497,29310616.23
2015,NC,417.3761046,53622335716,128474857.9
2015,ND,826.7039429,30717748096,37156890.76
2015,NE,607.4269954,24223754411,39879285.24
2015,NH,178.8836399,3584761926,20039629.83
2015,NJ,237.8927693,18090177216,76043409.27
2015,NM,749.9390513,24630864435,32843821.63
2015,NV,369.6953594,14544631340,39342206.95
2015,NY,228.7725407,31848852266,139216237.1
2015,OH,667.8510785,81470126908,121988463.5
2015,OK,537.7885149,40946522518,76138707.66
2015,OR,161.6916979,9371358427,57958191.73
2015,PA,412.7632594,88675434612,214833642.7
2015,RI,415.4014557,2885277415,6945756.63
2015,SC,304.2787392,29374886077,96539397.25
2015,SD,203.620635,1961592146,9633562.66
2015,TN,446.7709896,33630382202,75274319.48
2015,TX,498.7066481,2.24E+11,450049818.9
2015,UT,788.2582015,33119634687,42016225.93
2015,VA,369.9876065,31242228163,84441282.94
2015,VT,2.324066834,4732676.781,2036377.23
2015,WA,101.1529791,11060362758,109342926.5
2015,WI,661.4383615,43911300457,66387592.58
2015,WV,889.047234,64273464556,72294769.16
2015,WY,932.7303198,45674804732,48968928.92
2016,AK,434.4678404,2752888812,6336231.49
2016,AL,414.4824685,59019289758,142392728.9
2016,AR,505.7891547,30576026072,60452118.81
2016,AZ,435.7888423,48377154869,111010540.4
2016,CA,187.0190637,38827763700,207613934.8
2016,CO,659.8838428,36214090039,54879491.95
2016,CT,225.9219859,8317659853,36816513.54
2016,DE,395.6263247,3480992394,8798687.49
2016,FL,462.0227558,1.10E+11,238542339.2
2016,GA,452.6084038,60381231871,133407226.6
2016,HI,657.6899498,7043060532,10708785.4
2016,IA,456.2415868,24843239709,54451940.44
2016,ID,85.31966552,1337031012,15670842.17
2016,IL,368.2520205,68983208159,187326081.9
2016,IN,832.6543511,84744364543,101776162.5
2016,KS,542.098618,25808466509,47608434.43
2016,KY,888.8831838,71371862722,80293860.91
2016,LA,405.3057095,43553895333,107459367.9
2016,MA,358.0232318,11889422401,33208522.09
2016,MD,454.5297489,17129372713,37685922.11
2016,ME,148.1930079,1710704710,11543761.3
2016,MI,505.9447413,56754041465,112174387.5
2016,MN,465.7253546,27717951837,59515659.95
2016,MO,763.2836061,60130430069,78778621.19
2016,MS,421.0016294,26475806431,62887657.87
2016,MT,583.7942208,16226254061,27794475.32
2016,NC,401.8519407,52621145463,130946600.3
2016,ND,764.1820537,28929442313,37856741.3
2016,NE,594.9966676,21733774261,36527556.28
2016,NH,125.6231857,2428798547,19333999.01
2016,NJ,249.0326946,19672733053,78996587.53
2016,NM,710.2769793,23488073458,33068893.04
2016,NV,343.4135684,13875068374,40403378.46
2016,NY,217.4379166,29417292352,135290536.3
2016,OH,661.4157646,78728314578,119029994.1
2016,OK,472.5042286,37166693110,78658964.01
2016,OR,138.3961758,8349902194,60333330.33
2016,PA,384.6056535,82825990527,215353024
2016,RI,392.9678724,2591419502,6594481.85
2016,SC,281.3929631,27301229312,97021720.12
2016,SD,218.132549,2513956560,11524903.42
2016,TN,454.4513469,36095428777,79426387.5
2016,TX,470.6470161,2.14E+11,454438991.7
2016,UT,721.9674907,27639472212,38283541.25
2016,VA,360.8012274,33408752903,92596006.79
2016,VT,3.152369189,6263381.879,1986880.82
2016,WA,82.62300037,9433556516,114175913.2
2016,WI,626.4859809,40722362460,65001234.99
2016,WV,895.9899573,68049208642,75948628.76
2016,WY,915.8770665,42734861829,46660041.39
2017,AK,457.3018506,2472444134,5406591.14
2017,AL,395.537353,55040142439,139152831
2017,AR,523.8388625,32536361178,62111392.47
2017,AZ,431.0988752,46652364274,108217318.5
2017,CA,161.7505948,35440177718,219103847.8
2017,CO,650.4877151,35676177788,54845275.26
2017,CT,213.1418327,7335510872,34416101.15
2017,DE,413.6646455,3188489390,7707908.87
2017,FL,446.7447797,1.06E+11,238118710.5
2017,GA,423.9172554,54667741293,128958518.7
2017,HI,642.1134624,6925274386,10785125.67
2017,IA,461.7060838,26073459553,56471986.11
2017,ID,71.72751457,1141205441,15910288.37
2017,IL,363.1659526,66080743830,181957431.2
2017,IN,810.3230039,81458456229,100525908.6
2017,KS,429.5864551,22072102994,51379885.77
2017,KY,861.7208319,62166290874,72142030.89
2017,LA,400.2327047,38894252408,97179095.93
2017,MA,342.9240415,11255420757,32821906.3
2017,MD,352.8270467,12302755825,34869083.71
2017,ME,125.1665733,1277878046,10209419.44
2017,MI,502.4327816,56496291402,112445472.3
2017,MN,462.5604976,27638200350,59750455.33
2017,MO,783.5615627,65475415112,83561290.18
2017,MS,419.737255,25421650745,60565628.71
2017,MT,555.5180147,15704474599,28269964.58
2017,NC,365.3708518,47824744176,130893704.1
2017,ND,705.3489769,28853070508,40906092.52
2017,NE,610.3355442,21923088378,35919730.69
2017,NH,108.9269103,1911954236,17552634.43
2017,NJ,222.6097783,16953405194,76157504.51
2017,NM,705.057634,23633245159,33519593.32
2017,NV,331.8093096,12785850472,38533730.38
2017,NY,189.9862981,24519693092,129060323.5
2017,OH,652.1086912,77638012509,119056859
2017,OK,425.2575408,32547404271,76535748.69
2017,OR,112.7729479,6619173602,58694693.43
2017,PA,362.6913991,72715868047,200489640
2017,RI,434.3153474,2100612902,4836607.58
2017,SC,261.0946752,24434505201,93584846.9
2017,SD,236.5908145,2468839047,10435058.74
2017,TN,412.4091615,32234991019,78162645.32
2017,TX,485.5046522,2.20E+11,452888021.4
2017,UT,738.4095519,27300800371,36972436.64
2017,VA,318.7918506,29828280714,93566634.97
2017,VT,3.473664198,7301141.729,2101855.94
2017,WA,87.18869336,10077809755,115586200.1
2017,WI,660.3033089,43105664361,65281611.92
2017,WV,891.0758601,65420835222,73417806.67
2017,WY,919.1720793,43045067697,46830260.26
